1,2,3,4,5,6,7,8,9,10,11,12,13,14,15,16
1,0,0,0,32,169,0,4,1,0,27,0,0,1,2,0
1,0,0,0,34,37,0,64,1,0,34,78,0,1,2,0
1,0,0,0,0,87,0,2,1,0,11,199,0,1,2,0
1,2,3,4,5,141,22,7,1,0,36,58,0,1,4,0
1,1,4,2,32,141,0,7,1,0,14,59,0,0,2,0
1,1,4,2,5,141,21,5,1,0,58,25,0,1,2,0
1,0,0,0,5,17,11,3,1,0,25,114,0,1,2,0
1,2,3,4,32,1,0,2,1,0,36,0,0,1,1,0
1,0,0,0,31,55,0,6,1,0,32,82,0,1,2,0
1,1,4,2,7,15,1,4,1,0,14,57,0,0,2,0
1,0,0,0,12,158,17,6,1,0,25,155,0,1,3,0
1,0,0,0,19,141,0,3,1,0,7,50,0,0,2,0
1,1,1,3,32,141,0,3,0,0,61,41,0,1,4,0
0,1,1,3,5,165,11,19,0,0,21,40,0,1,2,0
1,1,4,2,4,122,26,6,1,0,61,26,0,1,2,0
1,1,1,3,27,1,4,1,0,0,38,42,0,0,2,0
1,2,3,4,0,162,27,2,1,0,36,0,0,0,2,0
1,1,2,1,27,156,0,6,0,0,21,0,0,1,4,0
1,1,4,2,32,141,0,15,1,0,60,28,0,1,2,0
1,1,4,2,31,153,0,64,1,0,60,28,0,1,2,0
1,1,4,2,5,141,15,4,1,0,61,26,0,1,2,0
1,1,4,2,32,71,0,29,1,0,58,25,0,1,2,0
1,1,1,3,0,141,27,18,0,0,37,43,0,1,4,0
1,1,2,1,34,121,25,3,0,0,21,0,0,1,4,0
1,1,1,3,5,116,11,7,0,0,47,46,0,1,4,0
1,1,1,3,5,116,11,7,0,0,47,46,0,1,4,0
1,0,0,0,5,114,21,53,1,0,25,114,0,1,3,0
1,0,0,0,35,141,0,5,1,0,25,115,0,1,2,0
1,1,2,1,0,161,0,3,0,0,21,80,0,1,4,0
1,1,2,1,0,161,0,3,0,0,21,80,0,1,4,0
1,0,0,0,35,141,25,10,1,0,13,166,0,1,2,0
1,0,0,0,24,138,0,7,1,0,9,113,0,1,2,0
1,1,4,2,32,1,0,2,1,0,58,25,0,0,2,0
1,0,0,0,32,28,25,32,1,0,25,131,0,1,2,0
1,0,0,0,32,88,7,25,1,0,25,195,0,1,2,0
1,1,1,3,5,87,22,8,0,0,61,41,0,1,4,0
1,0,5,0,34,1,25,6,1,0,14,181,0,1,2,0
1,1,2,1,32,121,0,3,0,0,19,2,0,1,4,0
1,0,5,0,19,11,0,13,1,0,7,144,0,1,2,0
1,0,0,0,32,141,11,4,1,0,25,171,0,1,2,0
1,1,4,2,4,30,0,3,1,0,14,26,0,1,2,0
1,1,1,3,22,141,4,7,0,0,21,46,0,1,4,0
1,1,2,1,27,159,25,3,0,0,19,80,0,1,1,0
1,1,2,1,27,159,25,3,0,0,19,80,0,1,1,0
1,1,2,1,27,159,25,3,0,0,19,80,0,1,1,0
1,1,1,3,32,141,0,1,0,0,23,42,0,1,2,0
1,1,1,3,32,13,25,69,0,0,22,43,0,1,2,0
1,1,4,2,12,141,8,7,1,0,14,27,0,1,2,0
1,1,4,2,34,4,25,7,1,0,57,55,0,1,2,0
1,1,1,3,29,141,4,4,0,0,23,42,0,1,4,0
1,1,1,3,29,141,4,4,0,0,23,42,0,1,4,0
1,1,4,2,32,87,25,3,1,0,42,35,0,1,2,0
1,2,3,4,0,141,0,18,1,0,36,0,0,1,4,0
1,1,1,3,32,1,0,1,0,0,53,41,0,1,2,0
1,1,2,1,31,87,3,7,0,0,21,99,0,1,1,0
1,1,2,1,31,87,3,7,0,0,21,99,0,1,1,0
1,1,2,1,31,87,3,7,0,0,21,99,0,1,1,0
1,0,0,0,12,17,17,7,1,0,5,72,0,1,3,0
1,0,0,0,0,162,0,2,1,0,25,110,0,1,2,0
1,0,5,0,5,93,21,6,1,0,25,113,0,1,3,0
1,1,4,2,32,141,0,7,1,0,42,35,0,1,2,0
1,1,4,2,32,98,0,5,1,0,58,25,0,0,2,0
1,1,4,2,32,141,0,22,1,0,61,26,0,1,2,0
1,1,4,2,32,141,25,10,1,0,61,26,0,1,2,0
1,1,4,2,34,141,25,6,1,0,58,25,0,1,2,0
1,1,2,1,38,141,0,13,0,0,29,94,0,1,1,0
1,1,2,1,19,27,27,16,0,0,47,101,0,0,1,0
1,1,2,1,38,141,0,13,0,0,29,94,0,1,1,0
1,1,2,1,19,27,27,16,0,0,47,101,0,0,1,0
1,1,2,1,19,27,27,16,0,0,47,101,0,0,1,0
1,2,3,4,0,147,25,2,1,0,36,0,0,1,4,0
1,1,2,1,38,141,0,13,0,0,29,94,0,1,1,0
1,0,0,0,32,141,0,5,1,0,9,189,0,1,2,0
1,2,3,4,31,151,0,20,1,0,36,0,0,1,1,0
1,1,4,2,32,141,7,2,1,0,58,25,0,1,2,0
1,1,4,2,32,141,25,7,1,0,58,34,0,1,2,0
1,0,0,0,32,122,25,1,1,0,25,127,0,1,2,0
1,1,4,2,5,1,11,6,1,0,55,25,0,1,2,0
1,1,4,2,34,141,0,2,1,0,58,25,0,1,2,0
1,1,4,2,0,81,0,66,1,0,43,74,0,1,2,0
1,0,0,0,13,141,11,7,1,0,5,169,0,1,2,0
1,0,0,0,12,141,17,3,1,0,25,67,0,1,2,0
1,1,4,2,19,141,0,1,1,0,58,25,0,0,2,0
1,0,0,0,12,88,8,9,1,0,5,183,0,1,3,0
1,0,5,0,34,124,25,3,1,0,25,51,0,1,2,0
1,1,1,3,31,103,0,2,0,0,24,45,0,1,4,0
1,0,5,0,0,121,27,3,1,0,25,135,0,1,2,0
1,1,2,1,32,141,0,5,0,0,50,19,0,1,4,0
1,1,4,2,5,141,11,3,1,0,14,29,0,1,2,0
1,1,4,2,1,15,20,3,1,0,14,29,0,1,2,0
1,0,0,0,12,93,17,6,1,0,25,143,0,1,3,0
1,0,0,0,31,151,0,20,1,0,25,64,0,1,2,0
1,1,4,2,3,137,7,22,1,0,42,48,0,1,2,0
1,1,1,3,32,141,25,1,0,0,23,42,0,1,4,0
1,1,1,3,32,141,25,1,0,0,23,42,0,1,4,0
1,1,4,2,0,87,0,3,1,0,58,62,0,1,2,0
1,1,4,2,0,74,0,59,1,0,60,28,0,1,2,0
1,0,0,0,19,89,0,10,1,0,32,89,0,1,2,0
1,1,1,3,0,122,23,1,0,0,64,42,0,1,2,0
1,1,4,2,27,141,0,6,1,0,61,26,0,0,2,0
1,1,2,1,27,159,25,3,0,0,19,80,0,1,4,0
1,0,0,0,0,20,27,64,1,0,26,82,0,1,2,0
1,1,4,2,19,162,27,2,1,0,58,28,0,0,2,0
1,1,2,1,32,99,23,3,0,0,21,10,0,1,2,0
1,1,2,1,32,99,23,3,0,0,21,10,0,1,2,0
1,1,2,1,32,99,23,3,0,0,21,10,0,1,2,0
1,0,0,0,32,169,0,4,1,0,27,0,0,1,2,0
1,0,5,0,0,59,27,16,1,0,5,186,0,1,2,0
1,2,3,4,32,141,0,5,1,0,36,0,0,1,2,0
1,0,5,0,32,98,27,5,1,0,25,136,0,1,2,0
1,1,4,2,0,141,0,1,1,0,43,26,0,1,2,0
1,1,1,3,34,56,0,6,0,0,23,42,0,1,2,0
1,1,4,2,19,108,0,28,1,0,58,25,0,0,2,0
1,0,0,0,12,87,17,6,1,0,9,36,0,1,3,0
1,0,0,0,33,89,23,6,1,0,14,209,0,1,2,0
1,2,3,4,32,89,11,1,1,0,36,0,0,1,2,0
1,2,3,4,32,1,7,5,1,0,36,0,0,1,1,0
1,2,3,4,19,141,0,7,1,0,36,0,0,1,1,0
1,1,4,2,32,91,0,6,1,0,42,35,0,1,2,0
1,1,4,2,19,141,0,3,1,0,14,27,0,0,2,0
1,1,2,1,32,141,0,3,0,0,18,93,0,0,4,0
1,1,4,2,32,22,4,18,1,0,60,28,0,0,2,0
1,0,0,0,19,98,0,5,1,0,25,138,0,0,2,0
1,1,2,1,34,109,25,6,0,0,21,0,0,1,4,0
1,0,0,0,32,141,0,4,1,0,11,179,0,1,2,0
1,1,1,3,32,45,0,64,0,0,48,47,0,0,4,0
1,1,4,2,34,87,25,6,1,0,60,28,0,1,2,0
1,1,4,2,19,141,0,3,1,0,58,105,0,1,2,0
0,1,4,2,32,161,25,3,1,0,14,29,0,1,2,0
1,2,3,4,32,141,25,5,1,0,36,0,0,1,1,0
1,1,4,2,32,1,15,1,1,0,60,26,0,1,2,0
1,0,5,0,5,87,22,10,1,0,25,160,0,1,2,0
1,0,0,0,25,87,21,6,1,0,9,66,0,1,3,0
1,0,5,0,32,34,0,17,1,0,11,107,0,0,2,0
1,0,0,0,34,141,25,11,1,0,7,126,0,1,2,0
1,1,1,3,0,162,0,2,0,0,61,63,0,1,2,0
1,2,3,4,32,141,15,13,1,0,36,0,0,1,1,0
1,2,3,4,32,89,11,1,1,0,36,0,0,1,4,0
1,1,4,2,0,1,27,7,1,0,42,35,0,1,2,0
1,1,4,2,5,106,15,36,1,0,42,35,0,1,2,0
1,1,2,1,34,141,25,6,0,0,21,0,0,1,4,0
1,0,0,0,0,141,0,3,1,0,25,192,0,1,2,0
1,1,4,2,27,141,0,6,1,0,42,35,0,0,2,0
1,1,1,3,36,87,4,1,0,0,22,43,0,0,2,0
1,1,4,2,34,33,25,4,1,0,42,35,0,1,2,0
1,1,1,3,2,141,0,4,0,0,23,42,0,1,4,0
1,1,1,3,2,141,0,4,0,0,23,42,0,1,4,0
1,1,4,2,5,141,11,3,1,0,58,25,0,1,2,0
1,1,1,3,5,91,22,6,0,0,18,43,0,1,4,0
1,1,1,3,5,91,22,6,0,0,18,43,0,1,4,0
1,1,4,2,34,37,0,64,1,0,60,28,0,1,2,0
1,1,4,2,5,89,21,10,1,0,55,35,0,1,2,0
1,1,4,2,32,141,4,7,1,0,60,28,0,0,2,0
1,1,2,1,6,49,25,3,0,0,19,21,0,1,4,0
1,2,3,4,34,85,26,6,1,0,31,58,0,1,1,0
1,1,4,2,32,1,25,8,1,0,42,35,0,1,2,0
1,1,4,2,19,141,0,2,1,0,60,28,0,1,2,0
1,1,4,2,32,141,25,1,1,0,14,29,0,1,2,0
1,1,2,1,32,141,23,6,0,0,47,96,0,1,1,0
1,1,4,2,32,89,0,7,1,0,60,28,0,1,2,0
1,1,2,1,32,141,23,6,0,0,47,96,0,1,1,0
1,1,2,1,32,141,23,6,0,0,47,96,0,1,1,0
1,0,0,0,34,88,25,14,1,0,5,167,0,1,2,0
1,0,0,0,32,87,0,3,1,0,25,115,0,1,2,0
1,1,1,3,5,165,11,19,0,0,49,45,0,1,2,0
1,0,0,0,32,141,0,6,1,0,0,163,0,0,2,0
1,1,4,2,5,121,11,3,1,0,58,62,0,1,2,0
1,1,4,2,26,141,25,6,1,0,61,26,0,1,2,0
1,0,0,0,12,87,8,6,1,0,25,71,0,1,3,0
1,1,1,3,34,10,0,6,0,0,38,42,0,1,4,0
1,1,2,1,34,109,0,3,0,0,21,0,0,1,4,0
1,0,0,0,32,161,25,4,1,0,25,150,0,1,2,0
1,0,0,0,34,10,25,6,1,0,25,115,0,1,2,0
1,0,0,0,12,87,17,6,1,0,9,51,0,1,3,0
1,0,0,0,19,122,27,2,1,0,26,82,0,0,2,0
1,2,3,4,5,125,22,41,1,0,36,0,0,1,4,0
1,1,1,3,34,27,25,16,0,0,18,43,0,1,4,0
1,0,0,0,31,15,0,18,1,0,25,133,0,1,2,0
1,1,2,1,23,141,21,3,0,0,12,12,0,1,1,0
1,1,2,1,23,141,21,3,0,0,12,12,0,1,1,0
1,1,2,1,23,141,21,3,0,0,12,12,0,1,1,0
1,0,0,0,34,17,0,5,1,0,25,187,0,1,2,0
1,0,0,0,12,89,9,7,1,0,25,153,0,1,2,0
1,0,0,0,32,141,11,10,1,0,25,134,0,1,2,0
1,2,3,4,32,141,0,2,1,0,36,0,0,1,1,0
1,1,2,1,31,74,23,59,0,0,39,16,0,1,0,0
1,2,3,4,14,148,0,7,1,0,36,0,0,1,4,0
1,1,1,3,32,141,23,1,0,0,46,39,0,1,2,0
1,1,2,1,32,87,0,3,0,0,39,17,0,0,4,0
1,0,0,0,32,47,0,2,1,0,7,184,0,1,2,0
1,1,1,3,31,84,0,47,0,0,63,39,0,1,4,0
1,0,0,0,21,161,27,3,1,0,25,195,0,0,2,0
1,1,4,2,32,141,0,6,1,0,58,25,0,1,2,0
1,1,1,3,31,121,0,3,0,0,21,46,0,1,2,0
1,0,0,0,16,42,5,58,1,0,4,174,0,1,2,0
1,1,4,2,19,119,27,18,1,0,56,31,0,0,2,0
1,1,4,2,32,1,23,5,1,0,42,35,0,1,2,0
1,1,1,3,18,141,18,1,0,0,21,0,0,1,4,0
1,1,1,3,18,141,18,1,0,0,21,0,0,1,4,0
1,1,4,2,27,15,0,18,1,0,14,29,0,0,2,0
1,1,1,3,6,141,0,6,0,0,38,42,0,0,2,0
1,1,1,3,12,45,8,4,0,0,14,41,0,1,2,0
1,0,0,0,30,97,0,59,1,0,25,148,0,1,2,0
0,0,0,0,5,141,22,3,1,0,9,53,0,1,2,0
1,1,4,2,0,0,17,72,1,0,58,25,0,1,2,0
1,0,0,0,12,24,17,24,1,0,2,180,0,1,3,0
0,1,4,2,32,141,5,4,1,0,42,62,0,1,2,0
1,1,2,1,31,74,23,59,0,0,39,16,0,1,1,0
1,1,2,1,31,74,23,59,0,0,39,16,0,1,1,0
1,1,2,1,31,74,23,59,0,0,39,16,0,1,1,0
1,0,0,0,14,127,0,2,1,0,5,111,0,1,2,0
1,1,4,2,0,141,0,1,1,0,58,37,0,1,2,0
1,1,4,2,35,1,25,2,1,0,57,55,0,1,2,0
1,1,1,3,32,98,23,5,0,0,23,42,0,1,4,0
1,1,4,2,11,94,4,67,1,0,14,27,0,1,2,0
1,1,2,1,31,18,0,6,0,0,54,95,0,1,1,0
1,1,2,1,31,18,0,6,0,0,54,95,0,1,1,0
1,1,2,1,31,18,0,6,0,0,54,95,0,1,1,0
1,1,4,2,31,141,0,6,1,0,42,35,0,1,2,0
1,1,4,2,35,141,0,7,1,0,60,28,0,1,2,0
1,1,1,3,32,87,0,1,0,0,18,43,0,1,4,0
1,1,1,3,32,87,0,1,0,0,18,43,0,1,4,0
1,1,2,1,31,157,0,6,0,0,55,100,0,1,0,0
1,1,4,2,32,161,25,3,1,0,60,28,0,1,2,0
1,1,4,2,34,89,0,7,1,0,61,26,0,1,2,0
1,0,5,0,19,141,0,11,1,0,25,199,0,0,2,0
1,1,4,2,0,141,0,2,1,0,58,25,0,1,2,0
1,1,4,2,32,141,25,7,1,0,42,35,0,1,2,0
1,0,0,0,5,141,22,4,1,0,45,0,0,1,1,0
1,0,0,0,0,141,17,10,1,0,25,204,0,1,3,0
1,1,1,3,3,141,18,1,0,0,19,42,0,1,2,0
1,1,4,2,0,141,0,1,1,0,14,26,0,1,2,0
1,2,3,4,18,141,6,3,1,0,36,0,0,1,2,0
1,1,4,2,13,89,0,7,1,0,42,62,0,1,2,0
1,1,2,1,31,87,3,7,0,0,21,99,0,1,4,0
1,1,2,1,38,167,0,4,0,0,40,102,0,1,1,0
1,1,1,3,19,141,0,1,0,0,23,42,0,0,2,0
1,1,2,1,38,167,0,4,0,0,40,102,0,1,1,0
1,1,2,1,38,167,0,4,0,0,40,102,0,1,1,0
1,1,4,2,0,102,27,30,1,0,58,25,0,1,2,0
1,1,1,3,36,87,4,1,0,0,22,43,0,1,4,0
1,1,4,2,31,55,0,6,1,0,42,35,0,1,2,0
1,1,1,3,32,1,0,1,0,0,38,42,0,1,4,0
1,1,2,1,32,87,25,2,0,0,50,108,0,1,1,0
1,1,2,1,32,87,25,2,0,0,50,108,0,1,1,0
1,1,2,1,32,87,25,2,0,0,50,108,0,1,1,0
1,1,1,3,32,162,23,2,0,0,21,40,0,1,4,0
1,2,3,4,34,28,25,21,1,0,36,0,0,1,1,0
1,1,4,2,21,141,0,2,1,0,61,26,0,0,2,0
1,1,4,2,11,141,0,6,1,0,57,55,0,1,2,0
1,0,0,0,32,1,0,1,1,0,25,154,0,1,2,0
1,1,4,2,4,14,25,6,1,0,58,105,0,1,2,0
1,1,4,2,0,141,23,2,1,0,60,28,0,1,2,0
1,1,4,2,32,122,11,1,1,0,60,30,0,1,2,0
1,1,2,1,32,141,0,3,0,0,21,0,0,1,4,0
1,1,1,3,5,48,11,19,0,0,23,42,0,1,4,0
1,1,4,2,32,141,0,10,1,0,42,35,0,1,2,0
1,1,4,2,31,161,0,3,1,0,14,29,0,1,2,0
1,1,4,2,14,141,0,2,1,0,55,25,0,0,2,0
1,0,5,0,0,87,25,17,1,0,9,53,0,1,2,0
1,1,4,2,1,17,17,17,1,0,58,62,0,1,2,0
1,0,0,0,19,141,0,15,1,0,9,196,0,0,2,0
1,2,3,4,32,88,27,32,1,0,36,0,0,1,1,0
1,0,5,0,0,162,0,2,1,0,9,128,0,1,2,0
1,0,0,0,31,141,23,7,1,0,25,52,0,1,2,0
1,2,3,4,32,143,25,6,1,0,36,0,0,1,4,0
1,0,0,0,19,141,0,12,1,0,7,161,0,1,2,0
1,1,1,3,32,141,11,1,0,0,63,39,0,1,2,0
1,1,4,2,11,94,4,67,1,0,14,27,0,0,2,0
1,1,2,1,6,118,25,3,0,0,47,1,0,0,4,0
1,2,3,4,0,89,0,7,1,0,36,0,0,1,2,0
1,1,4,2,34,141,0,3,1,0,42,62,0,1,2,0
1,0,0,0,19,89,27,11,1,0,25,180,0,0,2,0
1,1,4,2,32,89,27,7,1,0,58,25,0,1,2,0
1,1,4,2,32,51,27,10,1,0,58,35,0,0,2,0
1,1,2,1,27,141,0,6,0,0,39,14,0,0,0,0
1,1,2,1,27,141,0,6,0,0,39,14,0,0,1,0
1,1,2,1,27,141,0,6,0,0,39,14,0,0,1,0
1,1,2,1,27,141,0,6,0,0,39,14,0,0,1,0
1,1,2,1,27,161,0,3,0,0,39,5,0,1,2,0
1,1,2,1,27,161,0,3,0,0,39,5,0,1,2,0
1,1,2,1,27,161,0,3,0,0,39,5,0,1,2,0
1,1,1,3,31,166,0,18,0,0,18,44,0,1,2,0
1,1,1,3,34,83,25,1,0,0,18,43,0,1,4,0
1,1,2,1,32,141,25,3,0,0,12,12,0,1,2,0
1,1,2,1,32,141,25,3,0,0,12,12,0,1,2,0
1,1,2,1,32,141,25,3,0,0,12,12,0,1,2,0
1,1,4,2,32,89,0,1,1,0,60,28,0,1,2,0
1,1,2,1,28,87,4,3,0,0,47,93,0,1,1,0
1,1,2,1,28,87,4,3,0,0,47,93,0,1,1,0
1,1,2,1,28,87,4,3,0,0,47,93,0,1,1,0
1,1,4,2,32,161,0,3,1,0,61,26,0,0,2,0
1,0,0,0,19,1,0,2,1,0,62,0,0,1,2,0
1,0,0,0,32,95,27,11,1,0,3,72,0,1,2,0
1,1,1,3,19,141,0,19,0,0,21,40,0,0,4,0
1,0,0,0,32,158,7,3,1,0,28,86,0,1,2,0
1,1,4,2,5,1,22,4,1,0,14,29,0,1,2,0
1,0,0,0,32,87,0,3,1,0,9,193,0,1,2,0
1,1,2,1,32,87,25,2,0,0,50,108,0,1,4,0
1,1,2,1,34,121,23,3,0,0,47,96,0,1,4,0
1,0,0,0,32,161,0,3,1,0,5,124,0,1,2,0
1,0,0,0,34,82,25,3,1,0,36,77,0,1,2,0
1,0,5,0,19,141,27,17,1,0,9,36,0,0,2,0
1,2,3,4,32,162,25,2,1,0,36,0,0,1,1,0
1,1,4,2,34,150,25,17,1,0,14,27,0,1,2,0
1,1,1,3,0,122,23,1,0,0,64,42,0,1,4,0
1,2,3,4,19,141,0,7,1,0,36,0,0,0,1,0
1,1,4,2,19,152,0,8,1,0,14,29,0,0,2,0
1,0,5,0,5,1,11,7,1,0,5,116,0,0,2,0
1,0,0,0,32,87,0,8,1,0,36,82,0,0,2,0
1,1,4,2,34,45,0,64,1,0,42,35,0,1,2,0
1,0,0,0,32,141,25,6,1,0,8,113,0,1,2,0
1,1,4,2,32,88,27,21,1,0,14,26,0,0,2,0
1,1,4,2,34,141,26,5,1,0,58,25,0,1,2,0
1,1,4,2,32,67,0,5,1,0,43,26,0,1,2,0
1,0,0,0,17,87,4,6,1,0,25,110,0,1,2,0
1,1,4,2,31,6,0,2,1,0,55,55,0,1,2,0
1,2,3,4,3,141,16,5,1,0,36,0,0,1,2,0
1,0,0,0,32,78,0,6,1,0,17,158,0,1,2,0
1,1,4,2,32,141,0,18,1,0,42,35,0,1,2,0
1,0,0,0,7,141,0,3,1,0,25,186,0,1,2,0
1,1,2,1,31,49,0,1,0,0,21,11,0,1,2,0
1,1,2,1,31,49,0,1,0,0,21,11,0,1,2,0
1,1,2,1,31,49,0,1,0,0,21,11,0,1,2,0
1,1,2,1,5,121,11,3,0,0,39,9,0,1,0,0
1,1,4,2,34,133,25,3,1,0,60,28,0,1,2,0
1,1,2,1,32,1,25,3,0,0,47,96,0,1,1,0
1,1,2,1,32,1,25,3,0,0,47,96,0,1,1,0
1,1,2,1,32,1,25,3,0,0,47,96,0,1,1,0
1,0,0,0,19,28,0,9,1,0,25,144,0,0,2,0
1,1,4,2,4,163,0,3,1,0,57,55,0,1,2,0
1,1,2,1,34,141,25,6,0,0,21,0,0,1,4,0
1,1,1,3,29,141,4,4,0,0,23,42,0,1,4,0
1,1,1,3,29,141,4,4,0,0,23,42,0,1,4,0
1,1,2,1,32,121,0,3,0,0,2,18,0,1,4,0
1,1,2,1,3,158,7,3,0,0,21,0,0,1,4,0
1,0,0,0,32,141,25,5,1,0,11,190,0,0,2,0
1,0,0,0,32,68,0,5,1,0,7,136,0,1,2,0
1,1,2,1,32,99,23,3,0,0,21,10,0,1,2,0
1,1,2,1,32,99,23,3,0,0,21,10,0,1,2,0
1,1,2,1,32,99,23,3,0,0,21,10,0,1,2,0
1,0,0,0,19,141,27,6,1,0,29,0,0,1,2,0
1,2,3,4,34,60,0,50,1,0,36,0,0,1,4,0
1,1,4,2,32,141,0,19,1,0,61,26,0,1,2,0
1,1,4,2,38,141,0,18,1,0,42,35,0,1,2,0
1,0,0,0,32,141,0,4,1,0,5,179,0,1,2,0
1,0,0,0,32,88,0,26,1,0,25,205,0,1,2,0
1,0,0,0,5,7,21,9,1,0,5,52,0,1,3,0
1,0,0,0,19,45,0,64,1,0,2,167,0,0,2,0
1,1,1,3,32,93,0,6,0,0,37,43,0,1,4,0
1,1,2,1,5,141,22,3,0,0,2,4,0,1,1,0
1,1,2,1,5,141,22,3,0,0,2,4,0,1,1,0
1,1,2,1,5,141,22,3,0,0,2,4,0,1,1,0
1,0,0,0,32,87,0,18,1,0,5,68,0,0,2,0
1,1,1,3,5,1,11,13,0,0,47,40,0,1,4,0
1,1,4,2,35,1,0,15,1,0,14,26,0,1,2,0
1,1,2,1,32,87,0,8,0,0,12,12,0,1,4,0
1,2,3,4,29,141,25,7,1,0,36,0,0,1,4,0
1,1,4,2,18,141,6,3,1,0,61,26,0,1,2,0
1,1,4,2,11,94,4,67,1,0,14,27,0,0,2,0
1,0,0,0,0,98,25,5,1,0,25,157,0,1,2,0
1,2,3,4,19,149,27,49,1,0,36,0,0,0,1,0
1,1,4,2,1,99,20,21,1,0,61,26,0,1,2,0
1,1,4,2,11,94,4,67,1,0,14,27,0,1,2,0
1,1,2,1,5,141,15,3,0,0,21,0,0,1,2,0
1,1,2,1,5,141,15,3,0,0,21,0,0,1,2,0
1,1,2,1,5,141,15,3,0,0,21,0,0,1,2,0
1,2,3,4,32,141,0,3,1,0,36,0,0,1,4,0
1,1,2,1,31,18,0,6,0,0,54,95,0,1,4,0
1,0,0,0,32,141,0,2,1,0,25,211,0,1,2,0
1,1,4,2,0,141,0,1,1,0,61,61,0,1,2,0
1,1,2,1,27,141,0,6,0,0,39,14,0,0,0,0
1,0,5,0,0,141,27,6,1,0,36,86,0,1,2,0
1,1,4,2,32,141,0,6,1,0,14,27,0,1,2,0
1,1,4,2,32,87,0,5,1,0,58,25,0,0,2,0
1,2,3,4,32,141,0,7,1,0,36,58,0,1,4,0
1,2,3,4,32,141,0,7,1,0,36,58,0,1,4,0
1,1,2,1,31,121,0,3,0,0,21,0,0,1,4,0
1,0,0,0,32,87,0,1,1,0,7,142,0,0,2,0
1,1,4,2,34,1,25,6,1,0,61,26,0,1,2,0
1,1,4,2,0,141,0,5,1,0,14,26,0,1,2,0
1,1,4,2,5,141,13,7,1,0,61,26,0,0,2,0
1,1,4,2,32,89,0,5,1,0,42,35,0,1,2,0
1,1,1,3,34,109,0,7,0,0,18,43,0,1,2,0
1,0,0,0,5,74,21,59,1,0,9,201,0,1,3,0
1,1,4,2,19,129,0,44,1,0,43,35,0,0,2,0
1,1,2,1,0,122,0,3,0,0,18,104,0,1,4,0
1,0,0,0,5,91,21,6,1,0,25,114,0,1,3,0
1,1,4,2,32,141,0,7,1,0,55,74,0,0,2,0
1,1,4,2,32,141,23,1,1,0,14,29,0,1,2,0
1,0,5,0,32,141,0,3,1,0,3,132,0,1,2,0
1,1,4,2,32,121,0,3,1,0,60,28,0,1,2,0
1,1,4,2,31,141,0,4,1,0,42,35,0,1,2,0
1,1,2,1,27,141,0,6,0,0,39,14,0,0,4,0
1,1,2,1,23,91,21,6,0,0,12,12,0,1,1,0
1,1,2,1,23,91,21,6,0,0,12,12,0,1,1,0
1,1,2,1,23,91,21,6,0,0,12,12,0,1,1,0
1,0,0,0,32,141,0,6,1,0,30,86,0,1,2,0
1,1,1,3,32,104,25,1,0,0,63,39,0,1,2,0
1,0,0,0,5,1,22,4,1,0,25,116,0,1,2,0
1,0,0,0,5,1,21,3,1,0,2,110,0,0,3,0
1,1,4,2,31,117,0,3,1,0,61,61,0,1,2,0
1,0,0,0,5,139,22,18,1,0,8,168,0,1,2,0
1,1,4,2,5,161,11,3,1,0,60,28,0,1,2,0
1,1,4,2,32,1,27,2,1,0,60,28,0,1,2,0
1,1,4,2,32,141,0,7,1,0,42,35,0,1,2,0
1,1,4,2,19,161,0,4,1,0,42,35,0,0,2,0
1,0,0,0,23,141,11,5,1,0,9,0,0,1,2,0
1,0,0,0,32,1,0,1,1,0,9,52,0,1,2,0
1,1,1,3,0,132,25,6,0,0,49,45,0,1,4,0
1,2,3,4,34,122,25,1,1,0,36,0,0,1,1,0
1,0,5,0,32,161,25,3,1,0,25,207,0,1,2,0
1,0,0,0,0,87,0,6,1,0,25,202,0,1,2,0
1,0,0,0,19,141,27,6,2,0,32,214,0,1,2,0
1,1,4,2,19,164,0,6,1,0,58,35,0,1,2,0
1,1,4,2,32,141,0,22,1,0,61,32,0,1,2,0
1,1,4,2,35,141,0,5,1,0,61,106,0,1,2,0
0,1,2,1,32,141,0,3,0,0,39,5,0,1,1,0
1,1,4,2,30,87,25,8,1,0,57,55,0,1,2,0
1,1,4,2,31,141,23,7,1,0,58,32,0,1,2,0
1,1,1,3,5,141,11,1,0,0,21,46,0,1,4,0
1,0,0,0,0,141,25,6,1,0,25,115,0,1,2,0
1,1,4,2,32,110,0,8,1,0,61,49,0,1,2,0
1,1,2,1,5,87,22,3,0,0,21,0,0,1,4,0
1,0,0,0,32,91,25,6,1,0,25,170,0,1,2,0
1,1,4,2,32,141,25,6,1,0,61,26,0,1,2,0
1,1,4,2,38,89,23,7,1,0,58,73,0,1,2,0
1,1,4,2,30,87,25,8,1,0,61,55,0,1,2,0
1,1,1,3,32,121,0,3,0,0,21,75,0,1,2,0
1,1,4,2,31,121,0,3,1,0,61,26,0,1,2,0
1,1,4,2,0,121,25,3,1,0,60,28,0,1,2,0
1,2,3,4,31,89,23,10,1,0,36,0,0,1,1,0
1,0,0,0,32,1,25,3,1,0,26,87,0,1,2,0
1,1,2,1,19,141,0,6,0,0,47,93,0,0,1,0
1,1,2,1,28,87,4,3,0,0,47,93,0,1,0,0
1,1,2,1,19,141,0,6,0,0,47,93,0,0,1,0
1,1,2,1,19,141,0,6,0,0,47,93,0,0,1,0
1,1,2,1,5,87,11,6,0,0,21,0,0,1,4,0
1,1,2,1,0,61,0,64,0,0,19,2,0,1,4,0
1,0,0,0,32,141,27,3,1,0,25,182,0,1,2,0
1,1,4,2,32,89,0,5,1,0,14,29,0,1,2,0
1,1,4,2,19,87,0,3,1,0,61,26,0,0,2,0
1,1,4,2,32,77,0,20,1,0,40,56,0,1,2,0
1,0,0,0,32,44,25,38,1,0,25,52,0,1,2,0
1,1,4,2,32,98,0,3,1,0,60,35,0,1,2,0
1,0,0,0,32,88,25,9,1,0,25,193,0,1,2,0
1,0,0,0,30,162,25,2,1,0,25,179,0,1,2,0
1,1,4,2,5,141,11,2,1,0,43,26,0,1,2,0
1,1,2,1,19,141,0,6,0,0,47,93,0,0,0,0
1,1,4,2,31,141,0,6,1,0,42,35,0,1,2,0
1,0,0,0,32,95,27,11,1,0,3,72,0,1,2,0
1,0,0,0,12,141,17,11,1,0,25,162,0,1,3,0
1,1,1,3,32,141,25,6,0,0,38,47,0,1,4,0
1,1,4,2,0,99,0,21,1,0,42,35,0,1,2,0
1,0,0,0,34,141,25,3,1,0,25,116,0,1,2,0
1,1,4,2,0,141,0,7,1,0,60,28,0,1,2,0
1,1,1,3,2,141,0,4,0,0,23,42,0,0,4,0
1,1,1,3,2,141,0,4,0,0,23,42,0,0,4,0
1,1,4,2,32,1,0,18,1,0,60,105,0,0,2,0
1,0,0,0,32,141,0,4,1,0,25,51,0,1,2,0
1,1,1,3,32,141,25,13,0,0,61,41,0,1,4,0
1,0,5,0,32,141,0,11,1,0,25,120,0,1,2,0
1,0,0,0,15,87,0,7,1,0,25,51,0,1,2,0
1,1,4,2,32,162,23,2,1,0,58,25,0,1,2,0
1,0,5,0,0,141,0,11,1,0,25,204,0,1,2,0
1,1,4,2,6,162,7,2,1,0,43,26,0,1,2,0
1,1,2,1,5,121,11,3,0,0,21,0,0,1,4,0
1,1,2,1,32,141,0,3,0,0,39,10,0,1,4,0
1,1,4,2,0,1,23,2,1,0,42,35,0,1,2,0
1,0,0,0,32,141,25,18,1,0,7,112,0,1,2,0
1,1,2,1,19,161,0,3,0,0,39,5,0,1,1,0
1,1,2,1,19,161,0,3,0,0,39,5,0,1,1,0
1,1,2,1,19,161,0,3,0,0,39,5,0,1,1,0
1,1,1,3,0,40,25,48,0,0,52,38,0,1,2,0
1,1,2,1,32,141,0,2,0,0,56,20,0,1,2,0
1,1,2,1,32,141,0,2,0,0,56,20,0,1,2,0
1,1,2,1,32,141,0,2,0,0,56,20,0,1,2,0
1,1,4,2,0,54,25,73,1,0,61,26,0,1,2,0
1,0,0,0,12,141,9,3,1,0,25,156,0,1,2,0
1,0,0,0,31,101,0,70,1,0,9,200,0,1,2,0
1,1,1,3,0,89,27,7,0,0,37,43,0,1,2,0
1,2,3,4,0,141,27,10,1,0,32,58,0,1,2,0
1,0,0,0,12,141,17,10,1,0,25,125,0,1,3,0
1,0,5,0,37,141,4,10,1,0,25,127,0,1,2,0
1,1,2,1,32,141,0,3,0,0,21,24,0,1,1,0
1,0,0,0,34,162,25,2,1,0,25,125,0,1,2,0
1,1,2,1,32,141,0,3,0,0,21,24,0,1,1,0
1,1,2,1,32,141,0,3,0,0,21,24,0,1,1,0
1,2,3,4,19,1,0,7,1,0,36,0,0,1,1,0
1,1,2,1,19,161,0,3,0,0,39,5,0,0,0,0
1,1,2,1,0,1,0,3,0,0,55,100,0,1,4,0
1,1,2,1,27,156,0,64,0,0,19,2,0,0,2,0
1,1,2,1,27,156,0,64,0,0,19,2,0,0,2,0
1,1,2,1,27,156,0,64,0,0,19,2,0,0,2,0
1,1,1,3,35,85,0,6,0,0,57,41,0,1,4,0
1,1,2,1,5,121,15,3,0,0,2,8,0,0,2,0
1,1,2,1,5,121,15,3,0,0,2,8,0,0,2,0
1,1,4,2,32,16,0,4,1,0,58,25,0,1,2,0
1,1,2,1,32,141,25,3,0,0,21,0,0,1,4,0
1,1,2,1,5,121,15,3,0,0,2,8,0,0,2,0
1,1,4,2,32,122,25,3,1,0,58,73,0,1,2,0
1,0,5,0,34,64,0,3,1,0,25,185,0,1,2,0
1,0,5,0,32,141,0,10,1,0,25,151,0,1,2,0
1,1,2,1,31,18,0,6,0,0,54,95,0,1,0,0
1,1,4,2,32,1,25,13,1,0,58,25,0,1,2,0
1,0,0,0,0,122,0,18,1,0,2,159,0,1,2,0
1,0,0,0,32,123,11,7,1,0,26,87,0,1,2,0
1,1,1,3,19,29,0,4,0,0,24,45,0,0,4,0
1,1,2,1,31,52,0,3,0,0,59,2,0,1,4,0
1,1,4,2,5,87,22,7,1,0,58,25,0,1,2,0
1,1,2,1,32,141,0,3,0,0,21,24,0,1,0,0
1,1,4,2,0,141,0,7,1,0,61,26,0,1,2,0
1,0,5,0,32,53,27,43,1,0,9,70,0,1,2,0
0,1,2,1,32,1,0,3,0,0,39,9,0,1,2,0
1,1,4,2,12,141,8,2,1,0,58,25,0,1,2,0
1,0,0,0,31,141,23,4,1,0,14,167,0,1,2,0
1,1,4,2,32,31,0,64,1,0,61,26,0,1,2,0
1,1,2,1,32,99,23,3,0,0,21,10,0,1,4,0
1,0,0,0,32,1,23,4,1,0,29,0,0,1,2,0
1,0,0,0,0,87,0,10,1,0,29,79,0,0,2,0
1,0,5,0,19,141,0,15,1,0,9,52,0,0,2,0
1,1,4,2,0,141,0,13,1,0,58,25,0,1,2,0
1,0,0,0,0,141,0,4,1,0,7,124,0,1,2,0
1,0,0,0,5,9,21,59,1,0,7,129,0,1,3,0
1,1,1,3,0,130,0,47,0,0,21,46,0,1,2,0
1,1,2,1,32,121,25,3,0,0,18,2,0,0,4,0
1,1,2,1,34,141,25,3,0,0,39,93,0,1,1,0
1,1,2,1,34,141,25,3,0,0,39,93,0,1,1,0
1,1,2,1,34,141,25,3,0,0,39,93,0,1,1,0
1,1,2,1,5,121,15,3,0,0,2,8,0,0,0,0
1,1,4,2,32,106,11,45,1,0,58,25,0,1,2,0
1,1,1,3,29,141,4,4,0,0,23,42,0,1,4,0
1,1,1,3,29,141,4,4,0,0,23,42,0,1,4,0
1,0,5,0,32,141,0,7,1,0,0,136,0,1,2,0
1,0,5,0,32,141,0,3,1,0,7,51,0,1,2,0
1,1,4,2,31,115,0,46,1,0,61,26,0,1,2,0
1,1,4,2,32,58,0,10,1,0,56,62,0,1,2,0
1,1,4,2,30,50,0,12,1,0,58,25,0,1,2,0
1,0,0,0,19,161,27,3,1,0,25,130,0,1,2,0
1,1,1,3,13,1,18,7,0,0,37,43,0,1,2,0
1,0,0,0,19,141,0,1,1,0,9,183,0,0,2,0
1,1,4,2,32,119,0,18,1,0,58,25,0,1,2,0
1,1,4,2,19,141,0,7,1,0,58,25,0,0,2,0
1,0,0,0,32,141,0,5,1,0,25,151,0,1,2,0
1,1,4,2,32,67,0,5,1,0,14,27,0,1,2,0
1,0,0,0,32,1,0,3,1,0,7,51,0,1,2,0
1,1,4,2,3,141,7,10,1,0,61,26,0,1,2,0
0,1,2,1,31,131,0,3,0,0,39,3,0,1,1,0
1,1,2,1,31,1,0,6,0,0,21,92,0,1,1,0
1,1,2,1,31,1,0,6,0,0,21,92,0,1,1,0
1,1,2,1,31,1,0,6,0,0,21,92,0,1,1,0
1,1,4,2,13,141,0,6,1,0,58,23,0,1,2,0
1,1,2,1,19,158,0,3,0,0,2,18,0,0,2,0
1,1,2,1,19,158,0,3,0,0,2,18,0,0,2,0
1,1,2,1,19,158,0,3,0,0,2,18,0,0,2,0
1,1,4,2,4,41,23,9,1,0,61,26,0,1,2,0
1,0,5,0,5,86,22,4,1,0,9,152,0,1,2,0
1,2,3,4,35,162,0,2,1,0,36,0,0,1,1,0
1,0,0,0,31,57,0,2,1,0,32,0,0,1,2,0
1,1,1,3,32,89,0,7,0,0,47,40,0,1,4,0
1,1,4,2,0,107,0,63,1,0,60,28,0,1,2,0
1,0,0,0,12,91,17,6,1,0,25,88,0,1,3,0
1,1,1,3,32,87,27,6,0,0,18,44,0,0,4,0
1,1,4,2,14,85,0,6,1,0,14,29,0,1,2,0
1,1,4,2,19,141,0,6,1,0,42,54,0,0,2,0
1,0,5,0,32,141,25,6,1,0,25,123,0,1,2,0
1,0,0,0,32,98,27,12,1,0,25,139,0,1,2,0
1,1,1,3,5,162,11,2,0,0,18,43,0,1,2,0
1,2,3,4,0,162,27,2,1,0,36,0,0,0,2,0
1,1,4,2,32,1,0,11,1,0,55,35,0,1,2,0
1,1,4,2,30,141,0,13,1,0,42,62,0,1,2,0
1,1,1,3,32,89,0,1,0,0,22,43,0,1,2,0
1,1,4,2,0,1,27,10,1,0,60,28,0,1,2,0
1,0,0,0,32,141,0,3,1,0,44,0,0,1,2,0
1,1,1,3,32,89,25,1,0,0,52,38,0,1,2,0
1,1,4,2,11,94,4,67,1,0,14,27,0,0,2,0
1,1,4,2,5,17,21,6,1,0,58,26,0,0,2,0
1,1,4,2,17,98,4,12,1,0,58,25,0,1,2,0
1,1,4,2,30,160,25,7,1,0,60,28,0,1,2,0
1,1,4,2,32,141,0,5,1,0,14,27,0,1,2,0
1,1,4,2,32,105,0,7,1,0,42,35,0,0,2,0
1,1,1,3,12,93,17,6,0,0,67,45,0,1,4,0
1,0,0,0,10,134,0,35,1,0,25,167,0,1,2,0
1,0,5,0,30,141,25,7,1,0,11,140,0,1,2,0
1,1,4,2,32,141,0,1,1,0,61,26,0,1,2,0
1,0,0,0,32,87,25,3,1,0,25,119,0,1,2,0
1,0,5,0,12,95,20,11,1,0,8,161,0,1,3,0
1,0,0,0,17,23,4,57,1,0,25,194,0,1,2,0
1,2,3,4,32,141,0,3,1,0,36,0,0,1,2,0
1,1,4,2,32,141,27,4,1,0,58,37,0,1,2,0
1,1,4,2,0,162,0,2,1,0,61,26,0,1,2,0
1,0,0,0,32,1,0,5,1,0,9,84,0,1,2,0
1,0,0,0,3,98,12,5,1,0,25,50,0,1,2,0
1,0,5,0,31,141,0,4,1,0,25,84,0,1,2,0
1,2,3,4,4,88,23,26,1,0,36,0,0,1,1,0
1,1,2,1,31,164,23,6,0,0,21,0,0,1,4,0
1,0,5,0,5,141,22,3,1,0,11,36,0,1,2,0
1,0,0,0,19,141,0,5,1,0,7,148,0,0,2,0
1,1,4,2,34,158,25,6,1,0,56,31,0,1,2,0
1,1,1,3,12,93,8,6,0,0,37,43,0,1,2,0
1,0,5,0,4,1,25,13,1,0,5,36,0,1,2,0
1,2,3,4,0,89,0,7,1,0,36,0,0,1,4,0
1,2,3,4,30,89,0,5,1,0,36,0,0,1,4,0
1,1,4,2,9,70,0,7,1,0,42,35,0,1,2,0
1,1,2,1,34,117,26,3,0,0,21,0,0,1,4,0
1,0,0,0,5,141,21,7,1,0,25,142,0,1,3,0
1,1,4,2,31,99,0,21,1,0,14,29,0,1,2,0
1,0,0,0,32,168,27,33,1,0,5,121,0,1,2,0
1,1,2,1,12,87,8,6,0,0,39,5,0,1,1,0
1,1,2,1,12,87,8,6,0,0,39,5,0,1,1,0
1,1,2,1,12,87,8,6,0,0,39,5,0,1,1,0
1,0,5,0,5,161,11,3,1,0,32,81,0,1,2,0
1,1,1,3,32,141,0,6,0,0,14,41,0,0,2,0
1,0,0,0,19,122,0,3,1,0,25,179,0,1,2,0
1,1,4,2,34,63,0,7,1,0,56,31,0,1,2,0
1,1,2,1,19,141,0,5,0,0,21,0,0,0,4,0
1,1,2,1,32,1,0,3,0,0,50,7,0,1,2,0
1,1,2,1,32,1,0,3,0,0,50,7,0,1,2,0
1,1,2,1,32,1,0,3,0,0,50,7,0,1,2,0
1,0,0,0,12,93,8,6,1,0,25,146,0,1,3,0
1,1,4,2,19,141,0,6,1,0,58,25,0,0,2,0
1,2,3,4,32,1,27,5,1,0,36,0,0,1,2,0
1,1,2,1,19,161,0,3,0,0,39,5,0,0,4,0
0,1,4,2,34,164,25,6,1,0,58,25,0,1,2,0
0,1,1,3,12,106,8,45,0,0,14,41,0,1,2,0
1,1,1,3,19,137,0,22,0,0,23,47,0,0,2,0
1,2,3,4,4,141,25,5,1,0,36,0,0,1,4,0
1,1,2,1,32,146,0,34,0,0,19,2,0,1,4,0
1,1,4,2,32,141,0,18,1,0,60,28,0,1,2,0
1,1,2,1,32,87,4,6,0,0,47,1,0,0,4,0
1,1,2,1,34,141,0,10,0,0,21,0,0,1,4,0
1,1,4,2,0,87,27,3,1,0,61,26,0,1,2,0
1,1,4,2,27,15,0,18,1,0,42,35,0,0,2,0
1,1,2,1,5,121,22,3,0,0,21,0,0,0,4,0
1,2,3,4,32,162,25,2,1,0,36,0,0,1,4,0
1,2,3,4,34,76,25,20,1,0,36,0,0,1,1,0
1,1,1,3,32,87,0,18,0,0,22,43,0,1,4,0
1,1,2,1,0,61,0,64,0,0,50,91,0,1,0,0
1,1,2,1,5,121,15,3,0,0,2,8,0,0,4,0
1,1,2,1,12,93,17,6,0,0,54,95,0,1,1,0
1,1,2,1,12,93,17,6,0,0,54,95,0,1,1,0
1,1,2,1,12,93,17,6,0,0,54,95,0,1,1,0
1,1,4,2,38,87,0,4,1,0,58,62,0,1,2,0
1,1,4,2,31,141,0,7,1,0,61,26,0,1,2,0
1,2,3,4,32,121,0,3,1,0,36,0,0,1,2,0
1,0,0,0,34,98,0,5,1,0,25,187,0,1,2,0
1,1,4,2,32,161,0,3,1,0,58,25,0,1,2,0
1,0,0,0,34,111,25,37,1,0,25,152,0,1,2,0
1,0,0,0,32,158,4,8,1,0,36,0,0,1,2,0
1,1,2,1,30,141,11,6,0,0,39,16,0,1,1,0
1,1,2,1,30,141,11,6,0,0,39,16,0,1,1,0
1,1,2,1,30,141,11,6,0,0,39,16,0,1,1,0
1,1,2,1,30,141,11,6,0,0,39,16,0,1,1,0
1,1,4,2,19,154,2,61,1,0,58,62,0,0,2,0
1,1,2,1,32,141,0,3,0,0,39,93,0,1,1,0
1,1,2,1,32,141,0,3,0,0,39,93,0,1,1,0
1,1,2,1,32,141,0,3,0,0,39,93,0,1,1,0
1,2,3,4,32,141,15,13,1,0,36,0,0,1,4,0
1,1,4,2,31,141,0,3,1,0,14,26,0,1,2,0
1,0,0,0,14,127,0,2,1,0,5,111,0,1,2,0
1,2,3,4,0,1,27,1,1,0,36,0,0,1,2,0
1,2,3,4,32,141,25,2,1,0,36,0,0,1,2,0
1,0,0,0,3,141,14,2,1,0,9,153,0,1,3,0
1,0,0,0,12,141,17,18,1,0,25,198,0,1,3,0
1,1,4,2,32,1,25,13,1,0,56,62,0,1,2,0
1,1,4,2,32,87,0,3,1,0,60,28,0,1,2,0
1,1,4,2,32,116,0,7,1,0,14,29,0,1,2,0
1,1,4,2,34,141,0,6,1,0,42,35,0,1,2,0
1,1,4,2,0,141,0,1,1,0,43,74,0,1,2,0
1,1,4,2,25,136,22,51,1,0,14,29,0,1,2,0
1,1,4,2,32,87,11,4,1,0,60,28,0,1,2,0
1,1,4,2,0,87,0,6,1,0,58,25,0,1,2,0
1,0,0,0,32,17,0,19,1,0,25,172,0,1,2,0
1,1,1,3,5,141,11,1,0,0,48,42,0,1,4,0
1,1,2,1,1,141,20,3,0,0,39,10,0,1,1,0
1,1,2,1,1,141,20,3,0,0,39,10,0,1,1,0
1,1,2,1,1,141,20,3,0,0,39,10,0,1,1,0
1,1,4,2,34,82,25,3,1,0,14,26,0,1,2,0
1,1,4,2,0,91,17,6,1,0,42,35,0,1,2,0
1,1,4,2,32,141,0,7,1,0,61,26,0,1,2,0
1,1,4,2,32,87,0,3,1,0,14,29,0,0,2,0
1,1,4,2,19,120,0,4,1,0,14,29,0,1,2,0
1,0,5,0,32,15,0,17,1,0,25,50,0,1,2,0
1,1,2,1,32,98,23,5,0,0,39,93,0,1,4,0
1,1,4,2,0,100,0,2,1,0,61,26,0,1,2,0
1,1,4,2,30,87,25,8,1,0,57,55,0,1,2,0
1,1,4,2,5,43,11,59,1,0,43,35,0,1,2,0
1,1,1,3,31,19,0,1,0,0,18,43,0,1,2,0
1,1,4,2,27,15,0,18,1,0,60,28,0,1,2,0
1,1,1,3,38,141,0,3,0,0,63,39,0,1,2,0
1,1,4,2,12,1,17,2,1,0,41,105,0,1,2,0
1,1,2,1,3,69,7,3,0,0,65,92,0,1,1,0
1,1,2,1,3,69,7,3,0,0,65,92,0,1,1,0
1,1,2,1,3,69,7,3,0,0,65,92,0,1,1,0
1,1,1,3,13,109,15,1,0,0,23,42,0,1,2,0
1,0,5,0,32,141,27,19,1,0,25,195,0,1,2,0
1,1,4,2,31,141,0,3,1,0,14,27,0,1,2,0
1,1,4,2,0,141,0,1,1,0,61,61,0,1,2,0
1,1,4,2,3,5,14,60,1,0,58,23,0,1,2,0
1,0,0,0,32,169,0,4,1,0,27,0,0,1,2,0
1,0,0,0,32,141,25,7,1,0,8,169,0,1,2,0
1,1,4,2,32,98,0,5,1,0,58,25,0,1,2,0
1,0,0,0,32,141,0,2,1,0,5,107,0,1,2,0
1,0,0,0,19,98,0,5,1,0,25,180,0,0,2,0
1,1,1,3,31,126,0,16,0,0,18,44,0,1,4,0
1,1,2,1,19,121,0,3,0,0,21,83,0,0,1,0
1,0,0,0,32,87,25,4,1,0,7,159,0,0,2,0
1,1,2,1,19,121,0,3,0,0,21,83,0,0,1,0
1,1,2,1,19,121,0,3,0,0,21,83,0,0,1,0
1,1,4,2,32,141,4,7,1,0,42,35,0,1,2,0
1,0,5,0,32,141,0,4,1,0,7,115,0,1,2,0
1,1,4,2,0,87,0,3,1,0,58,25,0,1,2,0
1,0,0,0,13,79,0,16,1,0,25,175,0,1,2,0
1,0,5,0,0,116,25,7,1,0,5,143,0,1,2,0
1,1,1,3,34,87,25,6,0,0,48,47,0,1,4,0
1,0,5,0,32,89,27,15,1,0,15,197,0,1,2,0
1,1,2,1,31,141,23,4,0,0,39,13,0,1,0,0
1,0,0,0,35,141,25,2,1,0,9,165,0,1,2,0
1,1,1,3,32,141,0,1,0,0,38,42,0,1,2,0
1,1,2,1,32,87,25,2,0,0,47,97,0,1,1,0
1,1,2,1,32,87,25,2,0,0,47,97,0,1,1,0
1,1,2,1,32,87,25,2,0,0,47,97,0,1,1,0
1,1,4,2,7,141,0,7,1,0,61,26,0,1,2,0
1,0,0,0,5,87,22,3,1,0,25,173,0,0,2,0
1,1,4,2,4,80,25,28,1,0,14,26,0,1,2,0
1,0,5,0,0,87,0,8,1,0,5,145,0,1,2,0
1,1,1,3,32,141,25,3,0,0,21,46,0,1,2,0
1,1,2,1,31,131,0,3,0,0,59,22,0,1,1,0
1,1,2,1,31,131,0,3,0,0,59,22,0,1,1,0
1,1,2,1,31,131,0,3,0,0,59,22,0,1,1,0
1,1,1,3,0,141,25,2,0,0,55,41,0,1,4,0
1,2,3,4,32,121,0,3,1,0,36,0,0,1,4,0
1,1,4,2,5,1,22,3,1,0,58,25,0,1,2,0
1,1,1,3,38,141,0,6,0,0,48,47,0,1,2,0
1,1,4,2,5,141,21,5,1,0,42,35,0,1,2,0
1,1,1,3,29,141,0,2,0,0,46,39,0,1,2,0
1,1,2,1,32,1,0,3,0,0,19,2,0,1,4,0
1,1,4,2,32,161,0,3,1,0,61,26,0,1,2,0
1,1,4,2,32,141,0,10,1,0,61,26,0,1,2,0
1,0,5,0,19,141,27,2,2,0,31,213,0,1,2,0
1,0,5,0,27,141,24,10,1,0,32,86,0,1,2,0
1,1,1,3,4,155,0,1,0,0,21,60,0,1,2,0
1,1,4,2,12,91,17,6,1,0,14,27,0,1,2,0
1,1,4,2,19,1,0,7,1,0,60,105,0,0,2,0
1,2,3,4,4,88,23,26,1,0,36,0,0,1,4,0
1,1,1,3,4,143,25,6,0,0,21,60,0,1,2,0
1,1,4,2,32,121,0,3,1,0,58,25,0,1,2,0
1,1,4,2,32,141,25,13,1,0,42,35,0,0,2,0
1,1,2,1,32,17,0,6,0,0,19,10,0,1,4,0
1,1,2,1,5,1,22,3,0,0,21,0,0,1,4,0
1,1,2,1,32,141,27,3,0,0,39,91,0,1,1,0
1,1,2,1,32,141,27,3,0,0,39,91,0,1,1,0
1,1,2,1,32,141,27,3,0,0,39,91,0,1,1,0
1,1,4,2,32,162,25,2,1,0,42,35,0,1,2,0
1,0,0,0,32,141,0,19,1,0,25,183,0,0,2,0
1,1,2,1,5,141,22,3,0,0,2,4,0,1,4,0
1,1,1,3,38,141,0,6,0,0,48,47,0,1,4,0
1,2,3,4,32,99,23,21,1,0,35,58,0,1,4,0
1,1,1,3,34,141,26,1,0,0,21,0,0,1,2,0
1,1,4,2,0,112,0,52,1,0,61,26,0,1,2,0
1,0,0,0,32,32,25,54,1,0,25,154,0,0,2,0
1,0,0,0,0,141,0,17,1,0,26,82,0,1,2,0
1,1,4,2,3,1,15,3,1,0,57,61,0,1,2,0
1,1,1,3,32,89,25,5,0,0,63,39,0,1,4,0
1,1,1,3,32,89,25,5,0,0,63,39,0,1,4,0
1,0,0,0,32,141,23,13,1,0,7,52,0,1,2,0
1,2,3,4,5,122,11,3,1,0,36,0,0,1,2,0
1,0,5,0,31,141,0,6,2,0,32,214,0,1,2,0
1,2,3,4,0,141,0,3,1,0,36,0,0,1,4,0
1,1,2,1,27,118,0,3,0,0,19,2,0,0,1,0
1,1,2,1,27,118,0,3,0,0,19,2,0,0,1,0
1,1,2,1,27,118,0,3,0,0,19,2,0,0,1,0
1,2,3,4,32,141,0,10,1,0,36,0,0,0,4,0
1,1,1,3,6,26,0,20,0,0,21,0,0,1,4,0
1,1,4,2,19,141,0,5,1,0,56,25,0,0,2,0
1,0,5,0,5,88,21,9,1,0,25,0,0,1,3,0
1,1,2,1,5,141,22,3,0,0,47,98,0,0,1,0
1,1,2,1,5,141,22,3,0,0,47,98,0,0,1,0
1,1,2,1,5,141,22,3,0,0,47,98,0,0,1,0
1,1,4,2,0,111,0,27,1,0,42,35,0,1,2,0
1,0,0,0,32,141,0,3,1,0,44,0,0,1,4,0
1,0,5,0,0,89,0,7,1,0,9,69,0,1,2,0
1,0,0,0,19,88,0,9,1,0,7,178,0,0,2,0
1,0,5,0,0,85,0,4,2,0,31,213,0,1,2,0
1,0,0,0,34,38,25,65,1,0,29,85,0,1,2,0
1,1,4,2,32,141,0,6,1,0,42,35,0,1,2,0
1,1,4,2,32,87,0,8,1,0,58,105,0,1,2,0
1,1,4,2,32,87,0,1,1,0,42,35,0,1,2,0
1,0,0,0,0,1,23,5,2,0,29,212,0,1,2,0
1,0,0,0,32,141,25,13,1,0,25,206,0,1,2,0
1,1,4,2,31,141,0,6,1,0,61,26,0,1,2,0
1,1,4,2,5,89,11,18,1,0,42,35,0,1,2,0
1,1,1,3,19,141,0,1,0,0,23,42,0,0,4,0
1,1,2,1,32,87,0,8,0,0,21,0,0,0,4,0
1,1,1,3,32,141,0,6,0,0,51,45,0,1,2,0
1,1,2,1,34,8,0,56,0,0,55,100,0,1,0,0
1,0,0,0,32,87,0,3,1,0,25,208,0,1,2,0
1,0,0,0,19,141,0,2,1,0,25,67,0,0,2,0
1,2,3,4,34,28,25,21,1,0,36,0,0,1,4,0
1,1,1,3,12,17,8,4,0,0,37,43,0,1,4,0
1,1,4,2,32,141,0,7,1,0,58,25,0,1,2,0
1,0,0,0,35,114,0,53,1,0,25,127,0,1,2,0
1,1,4,2,32,135,0,18,1,0,58,105,0,1,2,0
1,1,4,2,32,15,0,17,1,0,61,26,0,1,2,0
1,2,3,4,0,162,0,2,1,0,36,0,0,1,1,0
1,1,2,1,27,118,0,3,0,0,19,2,0,0,4,0
1,0,0,0,0,87,19,6,1,0,25,122,0,1,3,0
1,0,5,0,12,141,17,5,1,0,1,110,0,1,3,0
1,0,0,0,32,88,25,9,1,0,25,193,0,1,2,0
1,1,1,3,32,1,25,1,0,0,37,43,0,1,4,0
1,1,1,3,32,1,25,1,0,0,37,43,0,1,4,0
1,1,1,3,3,36,10,41,0,0,64,42,0,1,2,0
1,1,2,1,32,87,27,3,0,0,21,109,0,1,4,0
1,1,4,2,3,74,14,59,1,0,60,28,0,1,2,0
1,2,3,4,0,162,0,2,1,0,36,0,0,1,4,0
1,1,4,2,32,141,0,6,1,0,42,35,0,1,2,0
1,2,3,4,0,89,0,7,1,0,36,0,0,1,4,0
1,1,4,2,34,33,25,4,1,0,14,27,0,1,2,0
1,1,4,2,32,141,25,7,1,0,14,26,0,1,2,0
1,1,4,2,19,141,0,7,1,0,60,28,0,0,2,0
1,1,4,2,19,141,0,2,1,0,42,35,0,0,2,0
1,0,0,0,27,145,0,1,1,0,25,210,0,1,2,0
1,0,0,0,32,1,0,5,1,0,9,84,0,1,2,0
1,0,0,0,34,92,25,23,1,0,2,51,0,1,2,0
1,2,3,4,31,142,23,4,1,0,36,0,0,1,1,0
1,1,4,2,8,140,0,13,1,0,42,35,0,1,2,0
1,1,4,2,34,62,25,3,1,0,14,29,0,1,2,0
1,0,5,0,32,87,0,3,1,0,25,114,0,1,2,0
1,1,4,2,5,35,21,31,1,0,42,35,0,1,2,0
1,0,0,0,19,89,0,13,1,0,5,118,0,0,2,0
1,0,0,0,19,87,0,7,1,0,29,79,0,0,2,0
1,1,1,3,19,158,0,1,0,0,23,42,0,0,2,0
1,0,5,0,32,162,0,2,1,0,25,65,0,0,2,0
1,1,1,3,31,25,0,21,0,0,18,44,0,1,2,0
1,1,4,2,32,141,0,1,1,0,61,61,0,1,2,0
1,0,0,0,0,1,20,4,1,0,25,203,0,1,3,0
1,1,4,2,34,116,0,6,1,0,58,25,0,1,2,0
1,1,4,2,31,82,0,2,1,0,61,61,0,1,2,0
1,0,0,0,32,89,0,5,1,0,25,67,0,1,2,0
1,1,1,3,19,141,0,4,0,0,18,44,0,1,2,0
1,1,4,2,34,144,0,7,1,0,58,25,0,1,2,0
1,1,4,2,35,3,0,62,1,0,14,26,0,1,2,0
1,1,1,3,29,141,4,4,0,0,23,42,0,1,4,0
1,1,1,3,29,141,4,4,0,0,23,42,0,1,4,0
1,1,1,3,18,141,6,6,0,0,22,76,0,1,2,0
1,0,0,0,32,44,25,38,1,0,25,52,0,1,2,0
1,1,4,2,19,88,0,25,1,0,14,27,0,1,2,0
1,0,0,0,32,141,23,4,1,0,25,148,0,1,2,0
1,1,1,3,5,15,15,1,0,0,23,42,0,1,4,0
1,1,1,3,34,141,25,3,0,0,22,43,0,1,2,0
1,0,0,0,32,141,0,6,1,0,14,176,0,1,2,0
1,1,1,3,4,55,0,64,0,0,47,40,0,1,2,0
1,1,1,3,27,15,0,17,0,0,21,44,0,1,4,0
1,1,4,2,32,161,0,3,1,0,60,26,0,1,2,0
1,1,4,2,32,141,0,7,1,0,42,35,0,1,2,0
1,1,4,2,0,1,0,6,1,0,58,25,0,1,2,0
1,1,4,2,0,141,27,4,1,0,58,26,0,0,2,0
1,1,2,1,32,121,25,3,0,0,20,90,0,0,0,0
1,1,2,1,34,141,25,3,0,0,39,93,0,1,0,0
1,1,1,3,32,65,0,7,0,0,18,43,0,1,2,0
1,0,5,0,32,89,23,6,1,0,16,84,0,1,2,0
1,0,5,0,32,158,7,1,1,0,25,124,0,0,2,0
1,0,0,0,0,27,20,39,1,0,25,115,0,1,3,0
1,1,1,3,34,106,25,36,0,0,18,44,0,1,2,0
1,0,0,0,34,73,0,2,1,0,25,200,0,1,2,0
1,1,4,2,27,15,0,18,1,0,43,35,0,0,2,0
1,1,2,1,31,1,0,6,0,0,21,92,0,1,0,0
1,0,0,0,34,113,0,64,1,0,15,152,0,1,2,0
1,0,0,0,31,85,0,6,1,0,7,147,0,1,2,0
1,0,0,0,34,88,25,32,1,0,7,177,0,1,2,0
1,0,0,0,19,122,0,3,1,0,9,50,0,1,2,0
1,2,3,4,32,162,25,2,1,0,36,0,0,1,4,0
1,1,2,1,32,1,0,6,0,0,47,6,0,1,4,0
1,0,0,0,34,98,0,5,1,0,25,187,0,1,2,0
1,1,2,1,31,1,0,6,0,0,21,92,0,1,4,0
1,0,0,0,5,141,11,7,1,0,25,52,0,0,2,0
1,2,3,4,0,161,27,3,1,0,36,0,0,1,4,0
1,1,2,1,32,2,0,68,0,0,39,92,0,1,4,0
1,1,2,1,19,158,0,2,0,0,21,0,0,0,4,0
1,0,0,0,32,87,0,18,1,0,5,36,0,0,2,0
1,1,4,2,32,162,7,2,1,0,42,35,0,1,2,0
1,0,0,0,0,1,0,1,1,0,26,82,0,1,2,0
1,0,0,0,12,93,9,6,1,0,25,179,0,1,2,0
1,1,4,2,0,141,0,3,1,0,61,49,0,1,2,0
1,0,0,0,0,141,19,19,1,0,25,131,0,1,3,0
1,0,0,0,32,1,25,3,1,0,25,127,0,1,2,0
1,1,4,2,23,141,22,4,1,0,42,35,0,1,2,0
1,0,5,0,19,141,0,15,1,0,9,52,0,0,2,0
1,1,4,2,0,161,0,4,1,0,58,26,0,1,2,0
1,1,4,2,32,141,27,4,1,0,61,26,0,1,2,0
1,1,4,2,27,128,0,6,1,0,58,28,0,1,2,0
1,0,5,0,31,141,0,4,1,0,25,84,0,1,2,0
1,0,0,0,5,1,22,7,1,0,33,82,0,1,2,0
1,1,1,3,32,1,0,1,0,0,23,42,0,1,2,0
1,0,0,0,12,1,17,7,1,0,10,188,0,1,3,0
1,1,4,2,19,12,0,71,1,0,61,26,0,0,2,0
1,0,0,0,20,76,4,64,1,0,9,53,0,1,2,0
1,1,2,1,19,88,0,24,0,0,50,108,0,1,1,0
1,1,2,1,19,88,0,24,0,0,50,108,0,1,1,0
1,1,2,1,19,88,0,24,0,0,50,108,0,1,1,0
1,1,2,1,19,88,0,24,0,0,50,108,0,1,1,0
1,1,4,2,0,162,0,2,1,0,58,37,0,1,2,0
1,2,3,4,32,141,0,3,1,0,36,0,0,1,2,0
1,0,5,0,32,162,23,2,1,0,25,172,0,1,2,0
1,0,0,0,32,141,25,11,1,0,6,64,0,1,2,0
1,2,3,4,31,141,0,3,1,0,36,0,0,1,1,0
1,1,4,2,34,109,0,4,1,0,14,29,0,1,2,0
1,1,4,2,31,108,0,28,1,0,61,49,0,1,2,0
1,0,0,0,0,1,4,5,1,0,25,201,0,1,2,0
1,1,1,3,32,141,7,8,0,0,23,47,0,1,2,0
1,0,0,0,32,17,23,6,1,0,25,118,0,1,2,0
1,0,0,0,32,109,25,8,1,0,9,51,0,0,2,0
1,1,2,1,31,162,0,2,0,0,47,103,0,1,4,0
1,1,4,2,32,141,0,6,1,0,14,29,0,1,2,0
1,0,0,0,19,161,0,3,1,0,5,114,0,0,2,0
1,0,0,0,32,87,27,4,1,0,25,149,0,1,2,0
1,1,4,2,12,93,17,6,1,0,58,35,0,1,2,0
1,1,2,1,6,82,0,3,0,0,12,12,0,0,0,0
1,1,4,2,0,89,27,5,1,0,58,25,0,1,2,0
1,2,3,4,0,87,0,17,1,0,36,0,0,1,4,0
1,1,2,1,32,1,11,10,0,0,21,0,0,1,4,0
1,1,4,2,19,98,0,5,1,0,60,28,0,0,2,0
1,0,0,0,0,72,0,55,1,0,25,164,0,1,2,0
1,1,4,2,34,82,0,2,1,0,58,37,0,1,2,0
1,1,4,2,13,21,25,6,1,0,58,25,0,1,2,0
1,0,0,0,32,66,0,3,1,0,25,151,0,1,2,0
1,1,4,2,5,122,11,3,1,0,61,26,0,1,2,0
1,1,4,2,19,96,2,40,1,0,42,35,0,0,2,0
1,1,2,1,19,161,27,3,0,0,21,7,0,1,2,0
1,1,2,1,0,87,4,2,0,0,21,80,0,1,0,0
1,1,2,1,19,161,27,3,0,0,21,7,0,1,2,0
1,1,2,1,19,161,27,3,0,0,21,7,0,1,2,0
1,0,0,0,32,89,25,18,1,0,25,142,0,1,2,0
1,2,3,4,29,161,23,4,1,0,36,0,0,1,4,0
1,1,1,3,31,141,0,7,0,0,21,46,0,1,2,0
1,1,2,1,19,161,27,3,0,0,21,7,0,0,0,0
1,2,3,4,32,1,27,5,1,0,36,0,0,0,4,0
1,0,0,0,32,141,0,6,1,0,2,152,0,1,2,0
1,1,4,2,32,141,23,3,1,0,61,49,0,1,2,0
1,2,3,4,0,89,0,10,1,0,36,0,0,1,1,0
1,1,4,2,32,46,0,0,1,0,42,62,0,1,2,0
1,0,0,0,19,141,0,6,1,0,26,82,0,0,2,0
1,1,4,2,5,141,15,2,1,0,43,26,0,1,2,0
1,0,0,0,0,87,0,3,1,0,14,141,0,1,2,0
1,1,4,2,14,141,0,2,1,0,55,25,0,0,2,0
1,0,0,0,3,141,7,10,1,0,9,0,0,1,2,0
1,1,1,3,31,141,0,2,0,0,21,0,0,1,4,0
1,1,1,3,31,141,0,2,0,0,21,0,0,1,4,0
1,0,5,0,0,89,0,7,1,0,9,69,0,1,2,0
1,1,4,2,9,70,0,7,1,0,14,29,0,1,2,0
1,1,2,1,0,87,4,2,0,0,21,80,0,1,1,0
1,1,2,1,0,87,4,2,0,0,21,80,0,1,1,0
1,1,2,1,0,87,4,2,0,0,21,80,0,1,1,0
1,1,4,2,12,162,17,2,1,0,60,105,0,1,2,0
1,0,5,0,32,141,25,17,1,0,25,36,0,1,2,0
1,1,4,2,31,141,23,4,1,0,61,26,0,1,2,0
1,1,1,3,19,87,0,1,0,0,37,43,0,0,2,0
1,1,2,1,32,121,25,3,0,0,20,90,0,0,4,0
1,0,5,0,32,39,0,3,1,0,5,117,0,1,2,0
1,1,4,2,5,99,21,6,1,0,61,33,0,1,2,0
1,1,4,2,32,141,0,3,1,0,14,26,0,1,2,0
1,1,1,3,32,1,23,3,0,0,23,42,0,1,2,0
1,1,2,1,32,141,0,3,0,0,21,0,0,0,4,0
1,1,2,1,1,141,20,3,0,0,39,10,0,1,0,0
1,1,4,2,34,10,0,6,1,0,14,29,0,1,2,0
1,0,5,0,19,141,0,6,1,0,14,166,0,0,2,0
1,0,0,0,32,141,0,2,1,0,5,107,0,1,2,0
1,1,2,1,31,75,0,2,0,0,21,0,0,1,4,0
1,1,1,3,13,122,18,1,0,0,61,41,0,1,4,0
1,2,3,4,31,141,0,5,1,0,36,0,0,1,4,0
1,1,2,1,31,141,23,4,0,0,39,13,0,1,1,0
1,0,0,0,32,91,27,6,1,0,25,191,0,1,2,0
1,1,2,1,31,141,23,4,0,0,39,13,0,1,1,0
1,1,2,1,31,141,23,4,0,0,39,13,0,1,1,0
1,0,5,0,38,99,4,3,1,0,25,137,0,1,2,0
1,1,2,1,32,87,0,8,0,0,21,15,0,0,1,0
1,1,2,1,32,87,0,8,0,0,21,15,0,0,1,0
1,1,2,1,32,87,0,8,0,0,21,15,0,0,1,0
1,1,2,1,31,85,23,6,0,0,19,2,0,1,1,0
1,1,2,1,31,85,23,6,0,0,19,2,0,1,1,0
1,1,2,1,31,85,23,6,0,0,19,2,0,1,1,0
1,1,4,2,31,141,0,5,1,0,14,29,0,1,2,0
1,1,2,1,0,61,0,64,0,0,50,91,0,1,4,0
1,1,4,2,0,141,0,2,1,0,60,26,0,1,2,0
1,1,2,1,32,141,23,7,0,0,55,100,0,1,2,0
1,1,2,1,32,141,23,7,0,0,55,100,0,1,2,0
1,1,2,1,32,141,23,7,0,0,55,100,0,1,2,0
1,0,5,0,34,141,25,6,1,0,5,161,0,1,2,0
1,1,4,2,32,162,23,2,1,0,42,62,0,1,2,0
1,0,0,0,12,1,17,12,1,0,9,122,0,1,3,0
1,1,1,3,31,55,0,6,0,0,37,43,0,1,2,0
1,1,2,1,32,1,0,3,0,0,50,7,0,1,4,0
1,1,2,1,32,141,0,6,0,0,66,104,0,0,1,0
1,1,2,1,32,141,0,6,0,0,66,104,0,0,1,0
1,1,2,1,32,141,0,6,0,0,66,104,0,0,1,0
1,0,0,0,0,90,27,42,1,0,25,148,0,1,2,0
1,1,4,2,30,89,0,5,1,0,42,35,0,1,2,0
1,2,3,4,0,141,27,13,1,0,36,58,0,1,1,0
1,1,4,2,5,116,11,7,1,0,58,25,0,1,2,0
1,0,0,0,32,87,0,7,1,0,7,66,0,1,2,0
