1,2,3,4,5,6,7,8,9,10,11,12,13,14,15,16,17,18,19,20,21,22,23,24,25,26,27,28,29,30,31,32,33,34,35
1,0,0,0,32,169,0,4,1,0,27,0,0,1,2,0,0,0,0,1,0,0,15,0,12,79,0,3,0,0,0,1,0,287,0
1,0,0,0,34,37,0,64,1,0,34,78,0,1,2,0,0,0,0,1,0,0,54,0,0,254,0,3,0,0,0,1,0,203,0
1,0,0,0,0,87,0,2,1,0,11,199,0,1,2,0,0,0,0,2,0,0,215,0,1,301,0,1,0,0,0,1,0,0,0
1,2,3,4,5,141,22,7,1,0,36,58,0,1,4,0,1,0,0,1,0,0,280,0,0,75,0,8,0,0,1,1,0,180,0
1,1,4,2,32,141,0,7,1,0,14,59,0,0,2,0,0,0,0,1,0,0,401,0,16,137,0,7,0,0,0,1,0,14,0
1,1,4,2,5,141,21,5,1,0,58,25,0,1,2,0,0,0,0,2,0,0,63,0,16,223,0,7,0,0,0,1,0,97,0
1,0,0,0,5,17,11,3,1,0,25,114,0,1,2,0,0,0,0,1,0,0,169,0,12,424,0,1,0,0,0,1,0,80,0
1,2,3,4,32,1,0,2,1,0,36,0,0,1,1,0,1,0,0,2,0,0,58,0,0,0,0,8,0,0,1,1,0,0,0
1,0,0,0,31,55,0,6,1,0,32,82,0,1,2,0,0,0,0,0,0,0,23,0,1,276,0,5,0,0,0,1,0,46,0
1,1,4,2,7,15,1,4,1,0,14,57,0,0,2,0,0,0,0,2,0,0,219,0,12,158,0,7,0,0,0,1,0,159,0
1,0,0,0,12,158,17,6,1,0,25,155,0,1,3,0,0,0,0,2,0,0,23,0,12,28,0,1,0,0,0,1,0,0,0
1,0,0,0,19,141,0,3,1,0,7,50,0,0,2,0,0,0,0,2,0,0,110,0,1,295,0,1,0,0,0,1,0,178,0
1,1,1,3,32,141,0,3,0,0,61,41,0,1,4,0,0,0,0,2,0,0,283,0,1,103,3,2,0,0,0,1,0,35,0
0,1,1,3,5,165,11,19,0,0,21,40,0,1,2,0,0,0,0,2,4,0,391,0,14,453,0,2,0,0,0,0,0,0,0
1,1,4,2,4,122,26,6,1,0,61,26,0,1,2,0,0,0,0,1,0,0,23,0,19,247,0,7,0,0,0,1,0,1,0
1,1,1,3,27,1,4,1,0,0,38,42,0,0,2,0,0,0,0,1,0,0,25,0,13,111,0,2,0,0,0,1,0,186,0
1,2,3,4,0,162,27,2,1,0,36,0,0,0,2,0,1,0,0,1,0,0,22,0,0,1,0,8,0,0,1,1,0,1,0
1,1,2,1,27,156,0,6,0,0,21,0,0,1,4,0,0,0,0,1,0,0,23,0,1,1,0,6,0,0,0,1,0,1,0
1,1,4,2,32,141,0,15,1,0,60,28,0,1,2,0,0,0,0,1,0,0,267,0,1,195,0,7,0,0,0,1,0,198,0
1,1,4,2,31,153,0,64,1,0,60,28,0,1,2,0,0,5,0,2,0,0,54,0,0,195,0,7,0,0,0,1,0,198,0
1,1,4,2,5,141,15,4,1,0,61,26,0,1,2,0,0,0,0,2,0,0,131,0,15,247,0,7,0,0,0,1,0,1,0
1,1,4,2,32,71,0,29,1,0,58,25,0,1,2,0,0,0,0,1,0,0,48,0,13,230,0,7,0,0,0,1,0,284,0
1,1,1,3,0,141,27,18,0,0,37,43,0,1,4,0,0,0,0,2,0,0,230,0,12,145,3,2,0,0,0,1,0,117,0
1,1,2,1,34,121,25,3,0,0,21,0,0,1,4,0,0,0,0,2,0,0,27,0,1,1,0,6,0,0,0,1,0,1,0
1,1,1,3,5,116,11,7,0,0,47,46,0,1,4,0,0,0,0,0,0,0,401,0,16,118,0,2,0,0,0,1,0,214,0
1,1,1,3,5,116,11,7,0,0,47,46,0,1,4,0,0,0,0,0,0,0,401,0,17,118,0,2,0,0,0,1,0,214,0
1,0,0,0,5,114,21,53,1,0,25,114,0,1,3,0,0,16,0,1,0,0,231,0,0,425,0,1,0,0,0,1,0,0,0
1,0,0,0,35,141,0,5,1,0,25,115,0,1,2,0,0,0,0,1,0,0,65,0,1,384,0,1,0,0,0,1,0,0,0
1,1,2,1,0,161,0,3,0,0,21,80,0,1,4,0,0,0,0,1,0,0,208,0,1,41,0,6,0,0,0,1,0,91,0
1,1,2,1,0,161,0,3,0,0,21,80,0,1,4,0,0,0,0,1,0,0,208,0,1,41,0,6,0,0,0,1,0,91,0
1,0,0,0,35,141,25,10,1,0,13,166,0,1,2,0,0,0,0,1,0,0,151,0,5,400,0,1,0,0,0,1,0,108,0
1,0,0,0,24,138,0,7,1,0,9,113,0,1,2,0,0,0,0,2,0,0,38,0,18,337,0,1,0,0,0,1,0,100,0
1,1,4,2,32,1,0,2,1,0,58,25,0,0,2,0,0,0,0,2,0,0,22,0,0,230,0,7,0,0,0,1,0,284,0
1,0,0,0,32,28,25,32,1,0,25,131,0,1,2,0,0,0,0,2,0,0,308,0,14,450,0,1,0,0,0,1,0,1,0
1,0,0,0,32,88,7,25,1,0,25,195,0,1,2,0,0,13,0,1,0,0,284,0,12,315,0,1,0,0,0,1,0,42,0
1,1,1,3,5,87,22,8,0,0,61,41,0,1,4,0,0,0,0,1,0,0,51,0,1,275,0,2,0,0,0,1,0,1,0
1,0,5,0,34,1,25,6,1,0,14,181,0,1,2,0,0,0,0,2,0,0,23,0,1,326,0,1,0,0,0,1,0,244,0
1,1,2,1,32,121,0,3,0,0,19,2,0,1,4,0,0,0,0,1,0,0,31,0,7,225,0,6,0,0,0,1,0,176,0
1,0,5,0,19,11,0,13,1,0,7,144,0,1,2,0,0,0,0,0,0,0,314,0,1,377,3,1,0,0,0,1,0,1,0
1,0,0,0,32,141,11,4,1,0,25,171,0,1,2,0,0,0,0,2,0,0,285,0,1,414,0,1,0,0,0,1,0,218,0
1,1,4,2,4,30,0,3,1,0,14,26,0,1,2,0,0,0,0,2,0,0,77,0,1,235,0,7,0,0,0,1,0,230,0
1,1,1,3,22,141,4,7,0,0,21,46,0,1,4,0,0,0,0,2,0,0,329,0,12,259,3,2,0,0,0,1,0,1,0
1,1,2,1,27,159,25,3,0,0,19,80,0,1,1,0,0,0,0,0,0,0,363,0,18,106,0,6,0,0,0,1,0,216,0
1,1,2,1,27,159,25,3,0,0,19,80,0,1,1,0,0,0,0,0,0,0,363,0,18,106,0,6,0,0,0,1,0,216,0
1,1,2,1,27,159,25,3,0,0,19,80,0,1,1,0,0,0,0,0,0,0,363,0,18,106,0,6,0,0,0,1,0,216,0
1,1,1,3,32,141,0,1,0,0,23,42,0,1,2,0,0,0,0,1,0,0,236,0,1,205,0,2,0,0,0,1,0,0,0
1,1,1,3,32,13,25,69,0,0,22,43,0,1,2,0,0,0,0,2,0,0,8,0,1,138,0,2,0,0,0,1,0,0,0
1,1,4,2,12,141,8,7,1,0,14,27,0,1,2,0,0,0,0,2,0,0,375,0,16,233,0,7,0,0,0,1,0,12,0
1,1,4,2,34,4,25,7,1,0,57,55,0,1,2,0,0,0,0,1,0,0,329,0,1,188,0,7,0,0,0,1,0,267,0
1,1,1,3,29,141,4,4,0,0,23,42,0,1,4,0,0,0,0,1,0,0,91,0,1,89,0,2,0,0,0,1,0,0,0
1,1,1,3,29,141,4,4,0,0,23,42,0,1,4,0,0,0,0,1,0,0,91,0,1,89,0,2,0,0,0,1,0,0,0
1,1,4,2,32,87,25,3,1,0,42,35,0,1,2,0,0,0,0,1,0,0,201,0,14,224,0,7,0,0,0,1,0,262,0
1,2,3,4,0,141,0,18,1,0,36,0,0,1,4,0,1,0,0,1,0,0,230,0,0,1,0,8,0,0,1,1,0,0,0
1,1,1,3,32,1,0,1,0,0,53,41,0,1,2,0,0,0,0,0,0,0,236,0,18,133,0,2,0,0,0,1,0,50,0
1,1,2,1,31,87,3,7,0,0,21,99,0,1,1,0,0,0,0,2,0,0,255,0,0,444,0,6,0,0,0,1,0,0,0
1,1,2,1,31,87,3,7,0,0,21,99,0,1,1,0,0,0,0,2,0,0,255,0,0,444,0,6,0,0,0,1,0,0,0
1,1,2,1,31,87,3,7,0,0,21,99,0,1,1,0,0,0,0,2,0,0,255,0,0,444,0,6,0,0,0,1,0,0,0
1,0,0,0,12,17,17,7,1,0,5,72,0,1,3,0,0,0,0,2,0,0,397,0,14,304,0,1,0,0,0,1,0,182,0
1,0,0,0,0,162,0,2,1,0,25,110,0,1,2,0,0,0,0,1,0,0,58,0,19,348,0,1,0,0,0,1,0,1,0
1,0,5,0,5,93,21,6,1,0,25,113,0,1,3,0,0,0,0,1,0,0,23,0,10,420,0,1,0,0,0,1,0,1,0
1,1,4,2,32,141,0,7,1,0,42,35,0,1,2,0,0,0,0,2,0,0,243,0,1,224,0,7,0,0,0,1,0,262,0
1,1,4,2,32,98,0,5,1,0,58,25,0,0,2,0,0,0,0,2,0,0,170,0,1,230,0,7,0,0,0,1,0,284,0
1,1,4,2,32,141,0,22,1,0,61,26,0,1,2,0,0,0,0,2,0,0,378,0,1,247,0,7,0,0,0,1,0,0,0
1,1,4,2,32,141,25,10,1,0,61,26,0,1,2,0,0,0,0,1,0,0,184,0,1,247,0,7,0,0,0,1,0,0,0
1,1,4,2,34,141,25,6,1,0,58,25,0,1,2,0,0,0,0,2,0,0,23,0,8,223,0,7,0,0,0,1,0,97,0
1,1,2,1,38,141,0,13,0,0,29,94,0,1,1,0,0,0,0,2,0,0,98,0,1,445,0,6,0,0,0,1,0,161,0
1,1,2,1,19,27,27,16,0,0,47,101,0,0,1,0,0,8,0,2,0,0,41,0,1,60,0,6,0,0,0,1,0,53,0
1,1,2,1,38,141,0,13,0,0,29,94,0,1,1,0,0,0,0,2,0,0,98,0,1,445,0,6,0,0,0,1,0,161,0
1,1,2,1,19,27,27,16,0,0,47,101,0,0,1,0,0,8,0,2,0,0,41,0,1,60,0,6,0,0,0,1,0,53,0
1,1,2,1,19,27,27,16,0,0,47,101,0,0,1,0,0,8,0,2,0,0,41,0,1,60,0,6,0,0,0,1,0,53,0
1,2,3,4,0,147,25,2,1,0,36,0,0,1,4,0,1,0,0,2,0,0,22,0,0,1,0,8,0,0,1,1,0,0,0
1,1,2,1,38,141,0,13,0,0,29,94,0,1,1,0,0,0,0,2,0,0,98,0,1,445,0,6,0,0,0,1,0,161,0
1,0,0,0,32,141,0,5,1,0,9,189,0,1,2,0,0,0,0,2,0,0,94,0,1,334,0,1,0,0,0,1,0,92,0
1,2,3,4,31,151,0,20,1,0,36,0,0,1,1,0,1,5,0,2,0,0,28,0,0,0,0,8,0,0,1,1,0,0,0
1,1,4,2,32,141,7,2,1,0,58,25,0,1,2,0,0,0,0,2,0,0,368,0,12,230,0,7,0,0,0,1,0,284,0
1,1,4,2,32,141,25,7,1,0,58,34,0,1,2,0,0,0,0,1,0,0,417,0,16,183,0,7,0,0,0,1,0,199,0
1,0,0,0,32,122,25,1,1,0,25,127,0,1,2,0,0,0,0,0,0,0,236,0,1,54,0,1,0,0,0,1,0,0,0
1,1,4,2,5,1,11,6,1,0,55,25,0,1,2,0,0,0,0,2,0,0,23,0,1,234,0,7,0,0,0,1,0,89,0
1,1,4,2,34,141,0,2,1,0,58,25,0,1,2,0,0,0,0,1,0,0,22,0,12,230,0,7,0,0,0,1,0,284,0
1,1,4,2,0,81,0,66,1,0,43,74,0,1,2,0,0,15,0,2,0,0,166,0,16,221,0,7,0,0,0,1,0,268,0
1,0,0,0,13,141,11,7,1,0,5,169,0,1,2,0,0,0,0,1,0,0,404,0,1,302,0,1,0,0,0,1,0,121,0
1,0,0,0,12,141,17,3,1,0,25,67,0,1,2,0,0,1,0,0,0,0,422,0,1,368,0,1,0,0,0,1,0,0,0
1,1,4,2,19,141,0,1,1,0,58,25,0,0,2,0,0,0,0,0,0,0,300,0,1,230,0,7,0,0,0,1,0,284,0
1,0,0,0,12,88,8,9,1,0,5,183,0,1,3,0,0,1,0,2,0,0,92,0,14,319,0,1,0,0,0,1,0,202,0
1,0,5,0,34,124,25,3,1,0,25,51,0,1,2,0,0,0,0,2,0,0,307,0,20,33,0,1,0,0,0,1,0,115,0
1,1,1,3,31,103,0,2,0,0,24,45,0,1,4,0,0,0,0,0,0,0,22,0,1,285,0,2,0,0,0,1,0,0,0
1,0,5,0,0,121,27,3,1,0,25,135,0,1,2,0,0,5,0,1,0,0,409,0,14,350,3,1,0,0,0,1,0,1,0
1,1,2,1,32,141,0,5,0,0,50,19,0,1,4,0,0,0,0,1,0,0,195,0,1,242,0,6,0,0,0,1,0,1,0
1,1,4,2,5,141,11,3,1,0,14,29,0,1,2,0,0,0,0,2,0,0,118,0,1,216,0,7,0,0,0,1,0,30,0
1,1,4,2,1,15,20,3,1,0,14,29,0,1,2,0,0,0,0,1,0,0,59,0,19,216,0,7,0,0,0,1,0,30,0
1,0,0,0,12,93,17,6,1,0,25,143,0,1,3,0,0,0,0,2,0,0,23,0,1,437,0,1,0,0,0,1,0,96,0
1,0,0,0,31,151,0,20,1,0,25,64,0,1,2,0,0,8,0,2,0,0,364,0,1,300,0,1,0,0,0,1,0,132,0
1,1,4,2,3,137,7,22,1,0,42,48,0,1,2,0,0,0,0,1,0,0,265,0,0,129,0,7,0,0,0,1,0,23,0
1,1,1,3,32,141,25,1,0,0,23,42,0,1,4,0,0,0,0,1,0,0,25,0,0,152,0,2,0,0,0,1,0,1,0
1,1,1,3,32,141,25,1,0,0,23,42,0,1,4,0,0,0,0,1,0,0,25,0,1,152,0,2,0,0,0,1,0,1,0
1,1,4,2,0,87,0,3,1,0,58,62,0,1,2,0,0,0,0,0,0,0,278,0,13,169,3,7,0,0,0,1,0,5,0
1,1,4,2,0,74,0,59,1,0,60,28,0,1,2,0,0,0,0,2,0,0,2,0,7,195,0,7,0,0,0,1,0,198,0
1,0,0,0,19,89,0,10,1,0,32,89,0,1,2,0,0,0,0,1,0,0,62,0,12,283,0,5,0,0,0,1,0,235,0
1,1,1,3,0,122,23,1,0,0,64,42,0,1,2,0,0,0,0,2,0,0,300,0,12,148,3,2,0,0,0,1,0,242,0
1,1,4,2,27,141,0,6,1,0,61,26,0,0,2,0,0,0,0,0,0,0,23,0,1,247,0,7,0,0,0,1,0,0,0
1,1,2,1,27,159,25,3,0,0,19,80,0,1,4,0,0,0,0,2,0,0,360,0,18,106,0,6,0,0,0,1,0,216,0
1,0,0,0,0,20,27,64,1,0,26,82,0,1,2,0,0,0,0,1,0,0,54,0,1,271,0,5,0,0,0,1,0,48,0
1,1,4,2,19,162,27,2,1,0,58,28,0,0,2,0,0,0,0,2,0,0,119,0,12,97,0,7,0,0,0,1,0,142,0
1,1,2,1,32,99,23,3,0,0,21,10,0,1,2,0,0,0,0,2,0,0,424,0,15,459,0,6,0,0,0,1,0,87,0
1,1,2,1,32,99,23,3,0,0,21,10,0,1,2,0,0,0,0,2,0,0,424,0,15,459,0,6,0,0,0,1,0,87,0
1,1,2,1,32,99,23,3,0,0,21,10,0,1,2,0,0,0,0,2,0,0,424,0,15,459,0,6,0,0,0,1,0,87,0
1,0,0,0,32,169,0,4,1,0,27,0,0,1,2,0,0,0,0,2,0,0,14,0,12,79,0,3,0,0,0,1,0,287,0
1,0,5,0,0,59,27,16,1,0,5,186,0,1,2,0,0,0,0,2,0,0,41,0,15,170,0,1,0,0,0,1,0,173,0
1,2,3,4,32,141,0,5,1,0,36,0,0,1,2,0,1,0,0,1,0,0,39,0,0,0,0,8,0,0,1,1,0,0,0
1,0,5,0,32,98,27,5,1,0,25,136,0,1,2,0,0,0,0,1,0,0,138,0,1,388,0,1,0,0,0,1,0,237,0
1,1,4,2,0,141,0,1,1,0,43,26,0,1,2,0,0,0,0,1,0,0,300,0,1,241,0,7,0,0,0,1,0,0,0
1,1,1,3,34,56,0,6,0,0,23,42,0,1,2,0,0,0,0,1,0,0,23,0,19,87,0,2,0,0,0,1,0,1,0
1,1,4,2,19,108,0,28,1,0,58,25,0,0,2,0,0,0,0,1,0,0,50,0,5,230,0,7,0,0,0,1,0,284,0
1,0,0,0,12,87,17,6,1,0,9,36,0,1,3,0,0,0,0,2,0,0,23,0,20,47,0,1,0,0,0,1,0,192,0
1,0,0,0,33,89,23,6,1,0,14,209,0,1,2,0,0,5,0,2,0,0,23,0,0,13,0,1,0,0,0,1,0,136,0
1,2,3,4,32,89,11,1,1,0,36,0,0,1,2,0,1,0,0,1,0,0,25,0,0,0,0,8,0,0,1,1,0,0,0
1,2,3,4,32,1,7,5,1,0,36,0,0,1,1,0,1,0,0,2,0,0,343,0,0,0,0,8,0,0,1,1,0,0,0
1,2,3,4,19,141,0,7,1,0,36,0,0,1,1,0,1,0,0,0,3,0,255,0,0,0,1,8,0,0,0,0,0,0,0
1,1,4,2,32,91,0,6,1,0,42,35,0,1,2,0,0,0,0,2,0,0,23,0,17,224,0,7,0,0,0,1,0,262,0
1,1,4,2,19,141,0,3,1,0,14,27,0,0,2,0,0,0,0,0,0,0,252,0,0,212,0,7,0,0,0,1,0,13,0
1,1,2,1,32,141,0,3,0,0,18,93,0,0,4,0,0,0,0,1,0,0,187,0,0,132,0,6,0,0,0,1,0,283,0
1,1,4,2,32,22,4,18,1,0,60,28,0,0,2,0,0,0,0,1,0,0,16,0,1,195,0,7,0,0,0,1,0,198,0
1,0,0,0,19,98,0,5,1,0,25,138,0,0,2,0,0,0,0,1,0,0,234,0,1,328,0,1,0,0,0,1,0,177,0
1,1,2,1,34,109,25,6,0,0,21,0,0,1,4,0,0,0,0,2,0,0,23,0,0,0,0,6,0,0,0,1,0,0,0
1,0,0,0,32,141,0,4,1,0,11,179,0,1,2,0,0,0,0,2,0,0,227,0,14,173,0,1,0,0,0,1,0,251,0
1,1,1,3,32,45,0,64,0,0,48,47,0,0,4,0,0,0,0,1,0,0,54,0,12,143,0,2,0,0,0,1,0,168,0
1,1,4,2,34,87,25,6,1,0,60,28,0,1,2,0,0,0,0,1,0,0,23,0,1,195,3,7,0,0,0,1,0,198,0
1,1,4,2,19,141,0,3,1,0,58,105,0,1,2,0,0,0,0,2,0,0,132,0,12,107,0,7,0,0,0,1,0,98,0
0,1,4,2,32,161,25,3,1,0,14,29,0,1,2,0,0,0,0,2,7,0,171,0,20,216,0,7,0,0,0,0,0,30,0
1,2,3,4,32,141,25,5,1,0,36,0,0,1,1,0,1,0,0,1,0,0,84,0,0,0,0,8,0,0,1,1,0,0,0
1,1,4,2,32,1,15,1,1,0,60,26,0,1,2,0,0,0,0,2,0,0,25,0,13,128,0,7,0,0,0,1,0,62,0
1,0,5,0,5,87,22,10,1,0,25,160,0,1,2,0,0,0,0,2,0,0,339,0,12,408,3,1,0,0,0,1,0,1,0
1,0,0,0,25,87,21,6,1,0,9,66,0,1,3,0,0,0,0,0,0,0,23,0,0,353,0,1,0,0,0,1,0,0,0
1,0,5,0,32,34,0,17,1,0,11,107,0,0,2,0,0,0,0,1,0,0,349,0,1,80,3,1,0,0,0,1,0,90,0
1,0,0,0,34,141,25,11,1,0,7,126,0,1,2,0,0,0,0,0,0,0,338,0,1,43,0,1,0,0,0,1,0,272,0
1,1,1,3,0,162,0,2,0,0,61,63,0,1,2,0,0,0,0,2,0,0,350,0,1,273,0,2,0,0,0,1,0,0,0
1,2,3,4,32,141,15,13,1,0,36,0,0,1,1,0,1,0,0,1,0,0,251,0,0,1,0,8,0,0,1,1,0,0,0
1,2,3,4,32,89,11,1,1,0,36,0,0,1,4,0,1,0,0,2,0,0,300,0,0,0,0,8,0,0,1,1,0,0,0
1,1,4,2,0,1,27,7,1,0,42,35,0,1,2,0,0,0,0,0,0,0,33,0,13,224,0,7,0,0,0,1,0,262,0
1,1,4,2,5,106,15,36,1,0,42,35,0,1,2,0,0,0,0,2,0,0,32,0,17,224,0,7,0,0,0,1,0,262,0
1,1,2,1,34,141,25,6,0,0,21,0,0,1,4,0,0,0,0,1,0,0,23,0,0,1,0,6,0,0,0,1,0,1,0
1,0,0,0,0,141,0,3,1,0,25,192,0,1,2,0,0,0,0,1,0,0,269,0,12,440,0,1,0,0,0,1,0,1,0
1,1,4,2,27,141,0,6,1,0,42,35,0,0,2,0,0,0,0,0,0,0,23,0,12,224,0,7,0,0,0,1,0,262,0
1,1,1,3,36,87,4,1,0,0,22,43,0,0,2,0,0,5,0,2,0,0,300,0,7,248,0,2,0,0,0,1,0,1,0
1,1,4,2,34,33,25,4,1,0,42,35,0,1,2,0,0,0,0,1,0,0,403,0,20,224,0,7,0,0,0,1,0,262,0
1,1,1,3,2,141,0,4,0,0,23,42,0,1,4,0,0,0,0,1,0,0,377,0,1,89,0,2,0,0,0,1,0,1,0
1,1,1,3,2,141,0,4,0,0,23,42,0,1,4,0,0,0,0,1,0,0,377,0,1,89,0,2,0,0,0,1,0,1,0
1,1,4,2,5,141,11,3,1,0,58,25,0,1,2,0,0,0,0,2,0,0,144,0,7,230,0,7,0,0,0,1,0,284,0
1,1,1,3,5,91,22,6,0,0,18,43,0,1,4,0,0,0,0,1,0,0,23,0,15,240,3,2,0,0,0,1,0,1,0
1,1,1,3,5,91,22,6,0,0,18,43,0,1,4,0,0,0,0,1,0,0,23,0,16,240,3,2,0,0,0,1,0,1,0
1,1,4,2,34,37,0,64,1,0,60,28,0,1,2,0,0,0,0,2,0,0,54,0,0,195,0,7,0,0,0,1,0,198,0
1,1,4,2,5,89,21,10,1,0,55,35,0,1,2,0,0,0,0,2,0,0,210,0,0,160,0,7,0,0,0,1,0,26,0
1,1,4,2,32,141,4,7,1,0,60,28,0,0,2,0,0,0,0,0,0,0,282,0,12,195,0,7,0,0,0,1,0,198,0
1,1,2,1,6,49,25,3,0,0,19,21,0,1,4,0,0,0,0,1,0,0,67,0,15,197,0,6,0,0,0,1,0,263,0
1,2,3,4,34,85,26,6,1,0,31,58,0,1,1,0,1,6,0,2,0,0,23,0,12,112,0,8,0,0,1,1,0,153,0
1,1,4,2,32,1,25,8,1,0,42,35,0,1,2,0,0,0,0,0,0,0,124,0,1,224,0,7,0,0,0,1,0,262,0
1,1,4,2,19,141,0,2,1,0,60,28,0,1,2,0,0,0,0,1,0,0,384,0,12,195,0,7,0,0,0,1,0,198,0
1,1,4,2,32,141,25,1,1,0,14,29,0,1,2,0,0,0,0,2,0,0,300,0,0,216,0,7,0,0,0,1,0,30,0
1,1,2,1,32,141,23,6,0,0,47,96,0,1,1,0,0,0,0,1,0,0,23,0,1,204,0,6,0,0,0,1,0,144,0
1,1,4,2,32,89,0,7,1,0,60,28,0,1,2,0,0,0,0,0,0,0,232,0,15,195,0,7,0,0,0,1,0,198,0
1,1,2,1,32,141,23,6,0,0,47,96,0,1,1,0,0,0,0,1,0,0,23,0,1,204,0,6,0,0,0,1,0,144,0
1,1,2,1,32,141,23,6,0,0,47,96,0,1,1,0,0,0,0,1,0,0,23,0,1,204,0,6,0,0,0,1,0,144,0
1,0,0,0,34,88,25,14,1,0,5,167,0,1,2,0,0,1,0,1,0,0,411,0,12,29,0,1,0,0,0,1,0,0,0
1,0,0,0,32,87,0,3,1,0,25,115,0,1,2,0,0,0,0,1,0,0,83,0,12,311,0,1,0,0,0,1,0,147,0
1,1,1,3,5,165,11,19,0,0,49,45,0,1,2,0,0,0,0,1,0,0,391,0,15,108,0,2,0,0,0,1,0,157,0
1,0,0,0,32,141,0,6,1,0,0,163,0,0,2,0,0,0,0,1,0,0,23,0,18,438,0,1,0,0,0,1,0,1,0
1,1,4,2,5,121,11,3,1,0,58,62,0,1,2,0,0,0,0,1,0,0,67,0,7,146,0,7,0,0,0,1,0,254,0
1,1,4,2,26,141,25,6,1,0,61,26,0,1,2,0,0,0,0,0,0,0,23,0,2,247,3,7,0,0,0,1,0,1,0
1,0,0,0,12,87,8,6,1,0,25,71,0,1,3,0,0,0,0,2,0,0,23,0,0,401,0,1,0,0,0,1,0,0,0
1,1,1,3,34,10,0,6,0,0,38,42,0,1,4,0,0,0,0,0,0,0,23,0,1,228,0,2,0,0,0,1,0,44,0
1,1,2,1,34,109,0,3,0,0,21,0,0,1,4,0,0,0,0,1,0,0,415,0,0,1,0,6,0,0,0,1,0,1,0
1,0,0,0,32,161,25,4,1,0,25,150,0,1,2,0,0,0,0,2,0,0,139,0,1,369,0,1,0,0,0,1,0,0,0
1,0,0,0,34,10,25,6,1,0,25,115,0,1,2,0,0,0,0,0,0,0,23,0,0,410,0,1,0,0,0,1,0,0,0
1,0,0,0,12,87,17,6,1,0,9,51,0,1,3,0,0,0,0,2,0,0,23,0,0,363,0,1,0,0,0,1,0,206,0
1,0,0,0,19,122,27,2,1,0,26,82,0,0,2,0,0,0,0,2,0,0,52,0,15,256,0,5,0,0,0,1,0,274,0
1,2,3,4,5,125,22,41,1,0,36,0,0,1,4,0,1,0,0,2,0,0,166,0,0,1,0,8,0,0,1,1,0,1,0
1,1,1,3,34,27,25,16,0,0,18,43,0,1,4,0,0,8,0,2,0,0,41,0,12,136,0,2,0,0,0,1,0,99,0
1,0,0,0,31,15,0,18,1,0,25,133,0,1,2,0,0,0,0,0,0,0,229,0,16,435,0,1,0,0,0,1,0,1,0
1,1,2,1,23,141,21,3,0,0,12,12,0,1,1,0,0,0,0,2,0,0,235,0,0,217,0,6,0,0,0,1,0,133,0
1,1,2,1,23,141,21,3,0,0,12,12,0,1,1,0,0,0,0,2,0,0,235,0,0,217,0,6,0,0,0,1,0,133,0
1,1,2,1,23,141,21,3,0,0,12,12,0,1,1,0,0,0,0,2,0,0,235,0,0,217,0,6,0,0,0,1,0,133,0
1,0,0,0,34,17,0,5,1,0,25,187,0,1,2,0,0,0,0,2,0,0,209,0,0,383,0,1,0,0,0,1,0,59,0
1,0,0,0,12,89,9,7,1,0,25,153,0,1,2,0,0,0,0,1,0,0,183,0,1,329,0,1,0,0,0,1,0,0,0
1,0,0,0,32,141,11,10,1,0,25,134,0,1,2,0,0,0,0,2,0,0,44,0,1,429,0,1,0,0,0,1,0,0,0
1,2,3,4,32,141,0,2,1,0,36,0,0,1,1,0,1,0,0,2,0,0,322,0,0,0,0,8,0,0,1,1,0,0,0
1,1,2,1,31,74,23,59,0,0,39,16,0,1,0,0,0,0,0,2,0,0,2,0,1,95,0,6,0,0,0,1,0,95,0
1,2,3,4,14,148,0,7,1,0,36,0,0,1,4,0,1,0,0,1,0,0,255,0,0,0,0,8,0,0,1,1,0,0,0
1,1,1,3,32,141,23,1,0,0,46,39,0,1,2,0,0,0,0,1,0,0,25,0,0,139,0,2,0,0,0,1,0,126,0
1,1,2,1,32,87,0,3,0,0,39,17,0,0,4,0,0,0,0,1,0,0,341,0,1,86,0,6,0,0,0,1,0,64,0
1,0,0,0,32,47,0,2,1,0,7,184,0,1,2,0,0,0,0,0,0,0,186,0,1,309,0,1,0,0,0,1,0,0,0
1,1,1,3,31,84,0,47,0,0,63,39,0,1,4,0,0,0,0,2,0,0,80,0,1,238,0,2,0,0,0,1,0,1,0
1,0,0,0,21,161,27,3,1,0,25,195,0,0,2,0,0,0,0,2,0,0,83,0,1,322,0,1,0,0,0,1,0,0,0
1,1,4,2,32,141,0,6,1,0,58,25,0,1,2,0,0,0,0,2,0,0,23,0,1,230,0,7,0,0,0,1,0,284,0
1,1,1,3,31,121,0,3,0,0,21,46,0,1,2,0,0,0,0,1,0,0,27,0,0,25,0,2,0,0,0,1,0,0,0
1,0,0,0,16,42,5,58,1,0,4,174,0,1,2,0,0,0,0,1,0,0,216,0,1,411,0,1,0,0,0,1,0,209,0
1,1,4,2,19,119,27,18,1,0,56,31,0,0,2,0,0,0,0,2,0,0,111,0,14,215,0,7,0,0,0,1,0,170,0
1,1,4,2,32,1,23,5,1,0,42,35,0,1,2,0,0,0,0,1,0,0,200,0,1,224,0,7,0,0,0,1,0,262,0
1,1,1,3,18,141,18,1,0,0,21,0,0,1,4,0,0,0,0,0,0,0,25,0,0,457,0,2,0,0,0,1,0,0,0
1,1,1,3,18,141,18,1,0,0,21,0,0,1,4,0,0,0,0,0,0,0,25,0,1,457,0,2,0,0,0,1,0,0,0
1,1,4,2,27,15,0,18,1,0,14,29,0,0,2,0,0,0,0,1,0,0,229,0,5,216,3,7,0,0,0,1,0,30,0
1,1,1,3,6,141,0,6,0,0,38,42,0,0,2,0,0,0,0,0,0,0,23,0,12,228,0,2,0,0,0,1,0,44,0
1,1,1,3,12,45,8,4,0,0,14,41,0,1,2,0,0,0,0,2,0,0,320,0,1,222,0,2,0,0,0,1,0,16,0
1,0,0,0,30,97,0,59,1,0,25,148,0,1,2,0,0,0,0,2,0,0,2,0,12,436,0,1,0,0,0,1,0,0,0
0,0,0,0,5,141,22,3,1,0,9,53,0,1,2,0,0,0,0,1,5,0,263,0,1,55,0,1,0,0,0,0,0,79,0
1,1,4,2,0,0,17,72,1,0,58,25,0,1,2,0,0,0,0,1,0,0,26,0,1,230,0,7,0,0,0,1,0,284,0
1,0,0,0,12,24,17,24,1,0,2,180,0,1,3,0,0,1,0,1,0,0,385,0,0,325,0,1,0,0,0,1,0,7,0
0,1,4,2,32,141,5,4,1,0,42,62,0,1,2,0,0,0,0,2,1,0,148,0,13,237,0,7,0,0,0,0,0,224,0
1,1,2,1,31,74,23,59,0,0,39,16,0,1,1,0,0,0,0,0,0,0,2,0,1,95,0,6,0,0,0,1,0,95,0
1,1,2,1,31,74,23,59,0,0,39,16,0,1,1,0,0,0,0,0,0,0,2,0,1,95,0,6,0,0,0,1,0,95,0
1,1,2,1,31,74,23,59,0,0,39,16,0,1,1,0,0,0,0,0,0,0,2,0,1,95,0,6,0,0,0,1,0,95,0
1,0,0,0,14,127,0,2,1,0,5,111,0,1,2,0,0,0,0,0,0,0,22,0,12,439,0,1,0,0,0,1,0,0,0
1,1,4,2,0,141,0,1,1,0,58,37,0,1,2,0,0,0,0,1,0,0,300,0,12,239,0,7,0,0,0,1,0,0,0
1,1,4,2,35,1,25,2,1,0,57,55,0,1,2,0,0,0,0,2,0,0,22,0,16,114,0,7,0,0,0,1,0,241,0
1,1,1,3,32,98,23,5,0,0,23,42,0,1,4,0,0,0,0,0,0,0,234,0,12,67,0,2,0,0,0,1,0,1,0
1,1,4,2,11,94,4,67,1,0,14,27,0,1,2,0,0,5,0,2,0,0,5,0,13,194,0,7,0,0,0,1,0,15,0
1,1,2,1,31,18,0,6,0,0,54,95,0,1,1,0,0,0,0,1,0,0,23,0,12,200,0,6,0,0,0,1,0,54,0
1,1,2,1,31,18,0,6,0,0,54,95,0,1,1,0,0,0,0,1,0,0,23,0,12,200,0,6,0,0,0,1,0,54,0
1,1,2,1,31,18,0,6,0,0,54,95,0,1,1,0,0,0,0,1,0,0,23,0,12,200,0,6,0,0,0,1,0,54,0
1,1,4,2,31,141,0,6,1,0,42,35,0,1,2,0,0,0,0,2,0,0,23,0,19,224,0,7,0,0,0,1,0,262,0
1,1,4,2,35,141,0,7,1,0,60,28,0,1,2,0,0,0,0,1,0,0,189,0,13,195,0,7,0,0,0,1,0,198,0
1,1,1,3,32,87,0,1,0,0,18,43,0,1,4,0,0,0,0,0,0,0,300,0,17,240,0,2,0,0,0,1,0,1,0
1,1,1,3,32,87,0,1,0,0,18,43,0,1,4,0,0,0,0,0,0,0,300,0,18,240,0,2,0,0,0,1,0,1,0
1,1,2,1,31,157,0,6,0,0,55,100,0,1,0,0,0,0,0,2,0,0,23,0,0,202,0,6,0,0,0,1,0,17,0
1,1,4,2,32,161,25,3,1,0,60,28,0,1,2,0,0,0,0,2,0,0,171,0,2,195,0,7,0,0,0,1,0,198,0
1,1,4,2,34,89,0,7,1,0,61,26,0,1,2,0,0,0,0,1,0,0,71,0,16,247,3,7,0,0,0,1,0,1,0
1,0,5,0,19,141,0,11,1,0,25,199,0,0,2,0,0,0,0,2,0,0,64,0,1,12,0,1,0,0,0,1,0,0,0
1,1,4,2,0,141,0,2,1,0,58,25,0,1,2,0,0,0,0,1,0,0,74,0,12,230,0,7,0,0,0,1,0,284,0
1,1,4,2,32,141,25,7,1,0,42,35,0,1,2,0,0,0,0,1,0,0,417,0,16,224,0,7,0,0,0,1,0,262,0
1,0,0,0,5,141,22,4,1,0,45,0,0,1,1,0,0,0,0,1,0,0,140,0,14,281,3,0,0,0,0,1,0,104,0
1,0,0,0,0,141,17,10,1,0,25,204,0,1,3,0,0,0,0,2,0,0,315,0,9,373,0,1,0,0,0,1,0,1,0
1,1,1,3,3,141,18,1,0,0,19,42,0,1,2,0,0,0,0,2,0,0,25,0,17,164,0,2,0,0,0,1,0,269,0
1,1,4,2,0,141,0,1,1,0,14,26,0,1,2,0,0,0,0,1,0,0,25,0,14,235,0,7,0,0,0,1,0,230,0
1,2,3,4,18,141,6,3,1,0,36,0,0,1,2,0,1,0,0,2,0,0,211,0,0,0,0,8,0,0,1,1,0,0,0
1,1,4,2,13,89,0,7,1,0,42,62,0,1,2,0,0,0,0,2,0,0,107,0,15,237,0,7,0,0,0,1,0,224,0
1,1,2,1,31,87,3,7,0,0,21,99,0,1,4,0,0,0,0,0,0,0,255,0,0,444,0,6,0,0,0,1,0,0,0
1,1,2,1,38,167,0,4,0,0,40,102,0,1,1,0,0,0,0,2,0,0,262,0,18,213,3,6,0,0,0,1,0,131,0
1,1,1,3,19,141,0,1,0,0,23,42,0,0,2,0,0,0,0,2,0,0,25,0,1,263,0,2,0,0,0,1,0,0,0
1,1,2,1,38,167,0,4,0,0,40,102,0,1,1,0,0,0,0,2,0,0,262,0,18,213,3,6,0,0,0,1,0,131,0
1,1,2,1,38,167,0,4,0,0,40,102,0,1,1,0,0,0,0,2,0,0,262,0,18,213,3,6,0,0,0,1,0,131,0
1,1,4,2,0,102,27,30,1,0,58,25,0,1,2,0,0,13,0,1,0,0,46,0,12,230,0,7,0,0,0,1,0,284,0
1,1,1,3,36,87,4,1,0,0,22,43,0,1,4,0,0,5,0,2,0,0,25,0,7,248,0,2,0,0,0,1,0,1,0
1,1,4,2,31,55,0,6,1,0,42,35,0,1,2,0,0,0,0,2,0,0,23,0,1,224,0,7,0,0,0,1,0,262,0
1,1,1,3,32,1,0,1,0,0,38,42,0,1,4,0,0,0,0,2,0,0,300,0,13,228,0,2,0,0,0,1,0,44,0
1,1,2,1,32,87,25,2,0,0,50,108,0,1,1,0,0,0,0,1,0,0,302,0,15,116,0,6,0,0,0,1,0,67,0
1,1,2,1,32,87,25,2,0,0,50,108,0,1,1,0,0,0,0,1,0,0,302,0,15,116,0,6,0,0,0,1,0,67,0
1,1,2,1,32,87,25,2,0,0,50,108,0,1,1,0,0,0,0,1,0,0,302,0,15,116,0,6,0,0,0,1,0,67,0
1,1,1,3,32,162,23,2,0,0,21,40,0,1,4,0,0,0,0,1,0,0,37,0,1,46,0,2,0,0,0,1,0,1,0
1,2,3,4,34,28,25,21,1,0,36,0,0,1,1,0,1,1,0,1,0,0,40,0,0,0,0,8,0,0,1,1,0,0,0
1,1,4,2,21,141,0,2,1,0,61,26,0,0,2,0,0,0,0,1,0,0,309,0,9,247,0,7,0,0,0,1,0,1,0
1,1,4,2,11,141,0,6,1,0,57,55,0,1,2,0,0,0,0,2,0,0,23,0,2,188,0,7,0,0,0,1,0,267,0
1,0,0,0,32,1,0,1,1,0,25,154,0,1,2,0,0,0,0,2,0,0,25,0,1,354,0,1,0,0,0,1,0,0,0
1,1,4,2,4,14,25,6,1,0,58,105,0,1,2,0,0,0,0,2,0,0,23,0,0,127,0,7,0,0,0,1,0,2,0
1,1,4,2,0,141,23,2,1,0,60,28,0,1,2,0,0,0,0,1,0,0,70,0,1,195,0,7,0,0,0,1,0,198,0
1,1,4,2,32,122,11,1,1,0,60,30,0,1,2,0,0,0,0,1,0,0,300,0,1,117,0,7,0,0,0,1,0,40,0
1,1,2,1,32,141,0,3,0,0,21,0,0,1,4,0,0,0,0,0,0,0,252,0,1,1,0,6,0,0,0,1,0,1,0
1,1,1,3,5,48,11,19,0,0,23,42,0,1,4,0,0,0,0,2,0,0,247,0,1,71,0,2,0,0,0,1,0,1,0
1,1,4,2,32,141,0,10,1,0,42,35,0,1,2,0,0,0,0,2,0,0,319,0,1,224,0,7,0,0,0,1,0,262,0
1,1,4,2,31,161,0,3,1,0,14,29,0,1,2,0,0,0,0,2,0,0,366,0,10,216,0,7,0,0,0,1,0,30,0
1,1,4,2,14,141,0,2,1,0,55,25,0,0,2,0,0,0,0,2,0,0,344,0,12,234,0,7,0,0,0,1,0,89,0
1,0,5,0,0,87,25,17,1,0,9,53,0,1,2,0,0,0,0,2,0,0,337,0,1,34,0,1,0,0,0,1,0,148,0
1,1,4,2,1,17,17,17,1,0,58,62,0,1,2,0,0,0,0,1,0,0,331,0,17,120,0,7,0,0,0,1,0,1,0
1,0,0,0,19,141,0,15,1,0,9,196,0,0,2,0,0,0,0,1,0,0,358,0,1,318,0,1,0,0,0,1,0,9,0
1,2,3,4,32,88,27,32,1,0,36,0,0,1,1,0,1,0,0,0,0,0,373,0,0,0,0,8,0,0,1,1,0,0,0
1,0,5,0,0,162,0,2,1,0,9,128,0,1,2,0,0,0,0,2,0,0,87,0,1,310,0,1,0,0,0,1,0,191,0
1,0,0,0,31,141,23,7,1,0,25,52,0,1,2,0,0,0,0,2,0,0,404,0,0,405,0,1,0,0,0,1,0,0,0
1,2,3,4,32,143,25,6,1,0,36,0,0,1,4,0,1,0,0,1,0,0,23,0,0,1,0,8,0,0,1,1,0,1,0
1,0,0,0,19,141,0,12,1,0,7,161,0,1,2,0,0,0,0,2,0,0,47,0,1,52,0,1,0,0,0,1,0,56,0
1,1,1,3,32,141,11,1,0,0,63,39,0,1,2,0,0,0,0,1,0,0,25,0,1,282,0,2,0,0,0,1,0,1,0
1,1,4,2,11,94,4,67,1,0,14,27,0,0,2,0,0,5,0,2,0,0,5,0,13,199,0,7,0,0,0,1,0,33,0
1,1,2,1,6,118,25,3,0,0,47,1,0,0,4,0,0,0,0,2,0,0,276,0,7,175,3,6,0,0,0,1,0,84,0
1,2,3,4,0,89,0,7,1,0,36,0,0,1,2,0,1,0,0,2,0,0,42,0,0,0,0,8,0,0,1,1,0,0,0
1,1,4,2,34,141,0,3,1,0,42,62,0,1,2,0,0,0,0,2,0,0,43,0,0,237,0,7,0,0,0,1,0,224,0
1,0,0,0,19,89,27,11,1,0,25,180,0,0,2,0,0,0,0,1,0,0,86,0,1,398,0,1,0,0,0,1,0,0,0
1,1,4,2,32,89,27,7,1,0,58,25,0,1,2,0,0,0,0,1,0,0,33,0,13,230,3,7,0,0,0,1,0,284,0
1,1,4,2,32,51,27,10,1,0,58,35,0,0,2,0,0,0,0,1,0,0,214,0,17,153,3,7,0,0,0,1,0,127,0
1,1,2,1,27,141,0,6,0,0,39,14,0,0,0,0,0,0,0,1,0,0,23,0,2,198,3,6,0,0,0,1,0,68,0
1,1,2,1,27,141,0,6,0,0,39,14,0,0,1,0,0,0,0,1,0,0,23,0,2,198,3,6,0,0,0,1,0,68,0
1,1,2,1,27,141,0,6,0,0,39,14,0,0,1,0,0,0,0,1,0,0,23,0,2,198,3,6,0,0,0,1,0,68,0
1,1,2,1,27,141,0,6,0,0,39,14,0,0,1,0,0,0,0,1,0,0,23,0,2,198,3,6,0,0,0,1,0,68,0
1,1,2,1,27,161,0,3,0,0,39,5,0,1,2,0,0,0,0,1,0,0,253,0,18,93,0,6,0,0,0,1,0,279,0
1,1,2,1,27,161,0,3,0,0,39,5,0,1,2,0,0,0,0,1,0,0,253,0,18,93,0,6,0,0,0,1,0,279,0
1,1,2,1,27,161,0,3,0,0,39,5,0,1,2,0,0,0,0,1,0,0,253,0,18,93,0,6,0,0,0,1,0,279,0
1,1,1,3,31,166,0,18,0,0,18,44,0,1,2,0,0,0,0,2,0,0,88,0,12,144,0,2,0,0,0,1,0,187,0
1,1,1,3,34,83,25,1,0,0,18,43,0,1,4,0,0,0,0,2,0,0,25,0,1,240,0,2,0,0,0,1,0,0,0
1,1,2,1,32,141,25,3,0,0,12,12,0,1,2,0,0,0,0,1,0,0,341,0,1,217,0,6,0,0,0,1,0,133,0
1,1,2,1,32,141,25,3,0,0,12,12,0,1,2,0,0,0,0,1,0,0,341,0,1,217,0,6,0,0,0,1,0,133,0
1,1,2,1,32,141,25,3,0,0,12,12,0,1,2,0,0,0,0,1,0,0,341,0,1,217,0,6,0,0,0,1,0,133,0
1,1,4,2,32,89,0,1,1,0,60,28,0,1,2,0,0,0,0,1,0,0,300,0,15,195,0,7,0,0,0,1,0,198,0
1,1,2,1,28,87,4,3,0,0,47,93,0,1,1,0,0,0,0,2,0,0,125,0,1,174,0,6,0,0,0,1,0,24,0
1,1,2,1,28,87,4,3,0,0,47,93,0,1,1,0,0,0,0,2,0,0,125,0,1,174,0,6,0,0,0,1,0,24,0
1,1,2,1,28,87,4,3,0,0,47,93,0,1,1,0,0,0,0,2,0,0,125,0,1,174,0,6,0,0,0,1,0,24,0
1,1,4,2,32,161,0,3,1,0,61,26,0,0,2,0,0,0,0,2,0,0,323,0,13,247,0,7,0,0,0,1,0,1,0
1,0,0,0,19,1,0,2,1,0,62,0,0,1,2,0,0,0,0,2,0,0,242,0,14,280,0,0,0,0,0,1,0,105,0
1,0,0,0,32,95,27,11,1,0,3,72,0,1,2,0,0,0,0,1,0,0,160,0,14,57,0,1,0,0,0,1,0,41,0
1,1,1,3,19,141,0,19,0,0,21,40,0,0,4,0,0,0,0,0,0,0,311,0,1,274,0,2,0,0,0,1,0,0,0
1,0,0,0,32,158,7,3,1,0,28,86,0,1,2,0,0,0,0,1,0,0,261,0,1,253,0,5,0,0,0,1,0,220,0
1,1,4,2,5,1,22,4,1,0,14,29,0,1,2,0,0,0,0,1,0,0,97,0,13,216,0,7,0,0,0,1,0,30,0
1,0,0,0,32,87,0,3,1,0,9,193,0,1,2,0,0,0,0,1,0,0,143,0,1,49,0,1,0,0,0,1,0,88,0
1,1,2,1,32,87,25,2,0,0,50,108,0,1,4,0,0,0,0,1,0,0,302,0,15,116,0,6,0,0,0,1,0,67,0
1,1,2,1,34,121,23,3,0,0,47,96,0,1,4,0,0,0,0,0,0,0,412,0,12,204,0,6,0,0,0,1,0,144,0
1,0,0,0,32,161,0,3,1,0,5,124,0,1,2,0,0,0,0,2,0,0,116,0,16,343,0,1,0,0,0,1,0,252,0
1,0,0,0,34,82,25,3,1,0,36,77,0,1,2,0,0,0,0,2,0,0,67,0,1,261,0,3,0,0,0,1,0,0,0
1,0,5,0,19,141,27,17,1,0,9,36,0,0,2,0,0,0,0,0,0,0,146,0,1,91,0,1,0,0,0,1,0,20,0
1,2,3,4,32,162,25,2,1,0,36,0,0,1,1,0,1,0,0,1,0,0,321,0,0,1,0,8,0,0,1,1,0,1,0
1,1,4,2,34,150,25,17,1,0,14,27,0,1,2,0,0,0,0,2,0,0,238,0,14,119,0,7,0,0,0,1,0,179,0
1,1,1,3,0,122,23,1,0,0,64,42,0,1,4,0,0,0,0,2,0,0,25,0,12,148,3,2,0,0,0,1,0,242,0
1,2,3,4,19,141,0,7,1,0,36,0,0,0,1,0,1,0,0,2,0,0,355,0,0,0,0,8,0,0,1,1,0,0,0
1,1,4,2,19,152,0,8,1,0,14,29,0,0,2,0,0,0,0,0,0,0,51,0,12,216,0,7,0,0,0,1,0,30,0
1,0,5,0,5,1,11,7,1,0,5,116,0,0,2,0,0,0,0,2,0,0,392,0,10,323,0,1,0,0,0,1,0,1,0
1,0,0,0,32,87,0,8,1,0,36,82,0,0,2,0,0,0,0,2,0,0,124,0,0,264,0,5,0,0,0,1,0,0,0
1,1,4,2,34,45,0,64,1,0,42,35,0,1,2,0,0,0,0,2,0,0,54,0,16,224,0,7,0,0,0,1,0,262,0
1,0,0,0,32,141,25,6,1,0,8,113,0,1,2,0,0,0,0,0,0,0,23,0,1,339,0,1,0,0,0,1,0,0,0
1,1,4,2,32,88,27,21,1,0,14,26,0,0,2,0,0,0,0,0,0,0,40,0,12,235,0,7,0,0,0,1,0,230,0
1,1,4,2,34,141,26,5,1,0,58,25,0,1,2,0,0,0,0,1,0,0,260,0,1,230,0,7,0,0,0,1,0,284,0
1,1,4,2,32,67,0,5,1,0,43,26,0,1,2,0,0,0,0,2,0,0,94,0,11,241,0,7,0,0,0,1,0,1,0
1,0,0,0,17,87,4,6,1,0,25,110,0,1,2,0,0,0,0,0,0,0,23,0,1,312,0,1,0,0,0,1,0,0,0
1,1,4,2,31,6,0,2,1,0,55,55,0,1,2,0,0,0,0,1,0,0,79,0,12,142,0,7,0,0,0,1,0,69,0
1,2,3,4,3,141,16,5,1,0,36,0,0,1,2,0,1,0,0,1,0,0,63,0,0,0,0,8,0,0,1,1,0,0,0
1,0,0,0,32,78,0,6,1,0,17,158,0,1,2,0,0,0,0,2,0,0,23,0,14,3,0,1,0,0,0,1,0,66,0
1,1,4,2,32,141,0,18,1,0,42,35,0,1,2,0,0,0,0,1,0,0,230,0,1,224,0,7,0,0,0,1,0,262,0
1,0,0,0,7,141,0,3,1,0,25,186,0,1,2,0,0,0,0,2,0,0,83,0,1,399,0,1,0,0,0,1,0,0,0
1,1,2,1,31,49,0,1,0,0,21,11,0,1,2,0,0,0,0,1,0,0,300,0,15,6,0,6,0,0,0,1,0,1,0
1,1,2,1,31,49,0,1,0,0,21,11,0,1,2,0,0,0,0,1,0,0,300,0,15,6,0,6,0,0,0,1,0,1,0
1,1,2,1,31,49,0,1,0,0,21,11,0,1,2,0,0,0,0,1,0,0,300,0,15,6,0,6,0,0,0,1,0,1,0
1,1,2,1,5,121,11,3,0,0,39,9,0,1,0,0,0,0,0,2,0,0,123,0,1,209,0,6,0,0,0,1,0,207,0
1,1,4,2,34,133,25,3,1,0,60,28,0,1,2,0,0,0,0,1,0,0,77,0,15,195,0,7,0,0,0,1,0,198,0
1,1,2,1,32,1,25,3,0,0,47,96,0,1,1,0,0,0,0,1,0,0,118,0,16,204,0,6,0,0,0,1,0,144,0
1,1,2,1,32,1,25,3,0,0,47,96,0,1,1,0,0,0,0,1,0,0,118,0,16,204,0,6,0,0,0,1,0,144,0
1,1,2,1,32,1,25,3,0,0,47,96,0,1,1,0,0,0,0,1,0,0,118,0,16,204,0,6,0,0,0,1,0,144,0
1,0,0,0,19,28,0,9,1,0,25,144,0,0,2,0,0,1,0,0,0,0,92,0,12,361,0,1,0,0,0,1,0,195,0
1,1,4,2,4,163,0,3,1,0,57,55,0,1,2,0,0,0,0,1,0,0,126,0,15,114,0,7,0,0,0,1,0,241,0
1,1,2,1,34,141,25,6,0,0,21,0,0,1,4,0,0,0,0,0,0,0,23,0,0,1,0,6,0,0,0,1,0,1,0
1,1,1,3,29,141,4,4,0,0,23,42,0,1,4,0,0,0,0,1,0,0,91,0,1,89,0,2,0,0,0,1,0,0,0
1,1,1,3,29,141,4,4,0,0,23,42,0,1,4,0,0,0,0,1,0,0,91,0,1,89,0,2,0,0,0,1,0,0,0
1,1,2,1,32,121,0,3,0,0,2,18,0,1,4,0,0,0,0,2,0,0,412,0,13,179,0,6,0,0,0,1,0,83,0
1,1,2,1,3,158,7,3,0,0,21,0,0,1,4,0,0,0,0,1,0,0,266,0,14,1,0,6,0,0,0,1,0,1,0
1,0,0,0,32,141,25,5,1,0,11,190,0,0,2,0,0,0,0,1,0,0,222,0,14,460,0,1,0,0,0,1,0,1,0
1,0,0,0,32,68,0,5,1,0,7,136,0,1,2,0,0,0,0,1,0,0,286,0,1,293,0,1,0,0,0,1,0,155,0
1,1,2,1,32,99,23,3,0,0,21,10,0,1,2,0,0,0,0,1,0,0,424,0,16,456,0,6,0,0,0,1,0,1,0
1,1,2,1,32,99,23,3,0,0,21,10,0,1,2,0,0,0,0,1,0,0,424,0,16,456,0,6,0,0,0,1,0,1,0
1,1,2,1,32,99,23,3,0,0,21,10,0,1,2,0,0,0,0,1,0,0,424,0,16,456,0,6,0,0,0,1,0,1,0
1,0,0,0,19,141,27,6,1,0,29,0,0,1,2,0,0,0,0,2,0,0,23,0,1,77,0,3,0,0,0,1,0,0,0
1,2,3,4,34,60,0,50,1,0,36,0,0,1,4,0,1,0,0,1,0,0,50,0,0,1,0,8,0,0,1,1,0,1,0
1,1,4,2,32,141,0,19,1,0,61,26,0,1,2,0,0,0,0,1,0,0,380,0,14,247,0,7,0,0,0,1,0,1,0
1,1,4,2,38,141,0,18,1,0,42,35,0,1,2,0,0,0,0,1,0,0,365,0,1,224,0,7,0,0,0,1,0,262,0
1,0,0,0,32,141,0,4,1,0,5,179,0,1,2,0,0,0,0,2,0,0,227,0,15,121,0,1,0,0,0,1,0,85,0
1,0,0,0,32,88,0,26,1,0,25,205,0,1,2,0,0,0,0,2,0,0,327,0,12,4,0,1,0,0,0,1,0,0,0
1,0,0,0,5,7,21,9,1,0,5,52,0,1,3,0,0,0,0,1,0,0,92,0,12,290,0,1,0,0,0,1,0,65,0
1,0,0,0,19,45,0,64,1,0,2,167,0,0,2,0,0,0,0,1,0,0,54,0,0,366,0,1,0,0,0,1,0,4,0
1,1,1,3,32,93,0,6,0,0,37,43,0,1,4,0,0,0,0,0,0,0,23,0,19,145,0,2,0,0,0,1,0,117,0
1,1,2,1,5,141,22,3,0,0,2,4,0,1,1,0,0,0,0,1,0,0,118,0,12,85,0,6,0,0,0,1,0,146,0
1,1,2,1,5,141,22,3,0,0,2,4,0,1,1,0,0,0,0,1,0,0,118,0,12,85,0,6,0,0,0,1,0,146,0
1,1,2,1,5,141,22,3,0,0,2,4,0,1,1,0,0,0,0,1,0,0,118,0,12,85,0,6,0,0,0,1,0,146,0
1,0,0,0,32,87,0,18,1,0,5,68,0,0,2,0,0,0,0,1,0,0,193,0,0,39,0,1,0,0,0,1,0,234,0
1,1,1,3,5,1,11,13,0,0,47,40,0,1,4,0,0,0,0,0,0,0,103,0,1,141,0,2,0,0,0,1,0,212,0
1,1,4,2,35,1,0,15,1,0,14,26,0,1,2,0,0,0,0,2,0,0,289,0,13,235,0,7,0,0,0,1,0,230,0
1,1,2,1,32,87,0,8,0,0,12,12,0,1,4,0,0,0,0,2,0,0,124,0,12,217,0,6,0,0,0,1,0,133,0
1,2,3,4,29,141,25,7,1,0,36,0,0,1,4,0,1,0,0,1,0,0,56,0,0,1,0,8,0,0,1,1,0,0,0
1,1,4,2,18,141,6,3,1,0,61,26,0,1,2,0,0,0,0,2,0,0,419,0,12,247,0,7,0,0,0,1,0,1,0
1,1,4,2,11,94,4,67,1,0,14,27,0,0,2,0,0,5,0,2,0,0,5,0,13,233,0,7,0,0,0,1,0,12,0
1,0,0,0,0,98,25,5,1,0,25,157,0,1,2,0,0,0,0,0,0,0,63,0,14,7,3,1,0,0,0,1,0,175,0
1,2,3,4,19,149,27,49,1,0,36,0,0,0,1,0,1,8,0,1,0,0,19,0,0,0,0,8,0,0,1,1,0,0,0
1,1,4,2,1,99,20,21,1,0,61,26,0,1,2,0,0,1,0,1,0,0,40,0,4,247,0,7,0,0,0,1,0,1,0
1,1,4,2,11,94,4,67,1,0,14,27,0,1,2,0,0,5,0,2,0,0,5,0,13,212,0,7,0,0,0,1,0,13,0
1,1,2,1,5,141,15,3,0,0,21,0,0,1,2,0,0,0,0,2,0,0,328,0,14,236,0,6,0,0,0,1,0,1,0
1,1,2,1,5,141,15,3,0,0,21,0,0,1,2,0,0,0,0,2,0,0,328,0,14,236,0,6,0,0,0,1,0,1,0
1,1,2,1,5,141,15,3,0,0,21,0,0,1,2,0,0,0,0,2,0,0,328,0,14,236,0,6,0,0,0,1,0,1,0
1,2,3,4,32,141,0,3,1,0,36,0,0,1,4,0,1,0,0,2,0,0,61,0,0,0,0,8,0,0,1,1,0,0,0
1,1,2,1,31,18,0,6,0,0,54,95,0,1,4,0,0,0,0,0,0,0,23,0,12,200,0,6,0,0,0,1,0,54,0
1,0,0,0,32,141,0,2,1,0,25,211,0,1,2,0,0,0,0,2,0,0,192,0,12,393,0,1,0,0,0,1,0,171,0
1,1,4,2,0,141,0,1,1,0,61,61,0,1,2,0,0,0,0,1,0,0,25,0,2,227,3,7,0,0,0,1,0,1,0
1,1,2,1,27,141,0,6,0,0,39,14,0,0,0,0,0,0,0,1,0,0,23,0,2,198,3,6,0,0,0,1,0,68,0
1,0,5,0,0,141,27,6,1,0,36,86,0,1,2,0,0,0,0,1,0,0,23,0,12,441,0,5,0,0,0,1,0,193,0
1,1,4,2,32,141,0,6,1,0,14,27,0,1,2,0,0,0,0,2,0,0,23,0,1,212,0,7,0,0,0,1,0,13,0
1,1,4,2,32,87,0,5,1,0,58,25,0,0,2,0,0,0,0,1,0,0,129,0,12,230,0,7,0,0,0,1,0,284,0
1,2,3,4,32,141,0,7,1,0,36,58,0,1,4,0,1,0,0,1,0,0,294,0,1,462,0,8,0,0,1,1,0,0,0
1,2,3,4,32,141,0,7,1,0,36,58,0,1,4,0,1,0,0,1,0,0,294,0,1,462,0,8,0,0,1,1,0,0,0
1,1,2,1,31,121,0,3,0,0,21,0,0,1,4,0,0,0,0,2,0,0,113,0,14,1,0,6,0,0,0,1,0,1,0
1,0,0,0,32,87,0,1,1,0,7,142,0,0,2,0,0,0,0,1,0,0,236,0,1,184,3,1,0,0,0,1,0,246,0
1,1,4,2,34,1,25,6,1,0,61,26,0,1,2,0,0,0,0,2,0,0,23,0,1,247,0,7,0,0,0,1,0,0,0
1,1,4,2,0,141,0,5,1,0,14,26,0,1,2,0,0,0,0,2,0,0,173,0,17,235,0,7,0,0,0,1,0,230,0
1,1,4,2,5,141,13,7,1,0,61,26,0,0,2,0,0,0,0,2,0,0,291,0,14,247,0,7,0,0,0,1,0,1,0
1,1,4,2,32,89,0,5,1,0,42,35,0,1,2,0,0,0,0,1,0,0,185,0,1,224,0,7,0,0,0,1,0,262,0
1,1,1,3,34,109,0,7,0,0,18,43,0,1,2,0,0,0,0,2,0,0,402,0,17,240,0,2,0,0,0,1,0,1,0
1,0,0,0,5,74,21,59,1,0,9,201,0,1,3,0,0,0,0,1,0,0,2,0,0,294,0,1,0,0,0,1,0,123,0
1,1,4,2,19,129,0,44,1,0,43,35,0,0,2,0,0,0,0,1,0,0,1,0,4,189,0,7,0,0,0,1,0,145,0
1,1,2,1,0,122,0,3,0,0,18,104,0,1,4,0,0,0,0,1,0,0,89,0,1,84,0,6,0,0,0,1,0,280,0
1,0,0,0,5,91,21,6,1,0,25,114,0,1,3,0,0,0,0,2,0,0,23,0,12,416,0,1,0,0,0,1,0,1,0
1,1,4,2,32,141,0,7,1,0,55,74,0,0,2,0,0,11,0,2,0,0,37,0,1,101,0,7,0,0,0,1,0,72,0
1,1,4,2,32,141,23,1,1,0,14,29,0,1,2,0,0,0,0,1,0,0,300,0,1,216,0,7,0,0,0,1,0,30,0
1,0,5,0,32,141,0,3,1,0,3,132,0,1,2,0,0,0,0,1,0,0,95,0,1,362,0,1,0,0,0,1,0,94,0
1,1,4,2,32,121,0,3,1,0,60,28,0,1,2,0,0,0,0,2,0,0,27,0,0,195,0,7,0,0,0,1,0,198,0
1,1,4,2,31,141,0,4,1,0,42,35,0,1,2,0,0,0,0,2,0,0,72,0,13,224,0,7,0,0,0,1,0,262,0
1,1,2,1,27,141,0,6,0,0,39,14,0,0,4,0,0,0,0,1,0,0,23,0,2,198,3,6,0,0,0,1,0,68,0
1,1,2,1,23,91,21,6,0,0,12,12,0,1,1,0,0,0,0,1,0,0,23,0,0,217,0,6,0,0,0,1,0,133,0
1,1,2,1,23,91,21,6,0,0,12,12,0,1,1,0,0,0,0,1,0,0,23,0,0,217,0,6,0,0,0,1,0,133,0
1,1,2,1,23,91,21,6,0,0,12,12,0,1,1,0,0,0,0,1,0,0,23,0,0,217,0,6,0,0,0,1,0,133,0
1,0,0,0,32,141,0,6,1,0,30,86,0,1,2,0,0,0,0,1,0,0,23,0,1,38,0,5,0,0,0,1,0,39,0
1,1,1,3,32,104,25,1,0,0,63,39,0,1,2,0,0,0,0,2,0,0,25,0,17,238,0,2,0,0,0,1,0,1,0
1,0,0,0,5,1,22,4,1,0,25,116,0,1,2,0,0,0,0,2,0,0,55,0,14,447,0,1,0,0,0,1,0,0,0
1,0,0,0,5,1,21,3,1,0,2,110,0,0,3,0,0,0,0,1,0,0,77,0,1,426,0,1,0,0,0,1,0,1,0
1,1,4,2,31,117,0,3,1,0,61,61,0,1,2,0,0,0,0,1,0,0,95,0,13,246,3,7,0,0,0,1,0,1,0
1,0,0,0,5,139,22,18,1,0,8,168,0,1,2,0,0,0,0,2,0,0,102,0,1,371,0,1,0,0,0,1,0,245,0
1,1,4,2,5,161,11,3,1,0,60,28,0,1,2,0,0,0,0,2,0,0,335,0,16,195,0,7,0,0,0,1,0,198,0
1,1,4,2,32,1,27,2,1,0,60,28,0,1,2,0,0,0,0,2,0,0,240,0,15,195,0,7,0,0,0,1,0,198,0
1,1,4,2,32,141,0,7,1,0,42,35,0,1,2,0,0,0,0,2,0,0,404,0,12,224,0,7,0,0,0,1,0,262,0
1,1,4,2,19,161,0,4,1,0,42,35,0,0,2,0,0,0,0,0,0,0,281,0,0,224,0,7,0,0,0,1,0,262,0
1,0,0,0,23,141,11,5,1,0,9,0,0,1,2,0,0,0,0,2,0,0,94,0,0,163,0,1,0,0,0,1,0,232,0
1,0,0,0,32,1,0,1,1,0,9,52,0,1,2,0,0,0,0,1,0,0,25,0,1,74,0,1,0,0,0,1,0,101,0
1,1,1,3,0,132,25,6,0,0,49,45,0,1,4,0,0,0,0,1,0,0,23,0,1,108,0,2,0,0,0,1,0,157,0
1,2,3,4,34,122,25,1,1,0,36,0,0,1,1,0,1,0,0,1,0,0,25,0,0,1,0,8,0,0,1,1,0,1,0
1,0,5,0,32,161,25,3,1,0,25,207,0,1,2,0,0,0,0,1,0,0,169,0,12,412,0,1,0,0,0,1,0,1,0
1,0,0,0,0,87,0,6,1,0,25,202,0,1,2,0,0,0,0,2,0,0,23,0,12,351,0,1,0,0,0,1,0,0,0
1,0,0,0,19,141,27,6,2,0,32,214,0,1,2,0,0,0,0,2,0,0,23,0,1,159,0,4,0,0,0,1,0,154,0
1,1,4,2,19,164,0,6,1,0,58,35,0,1,2,0,0,0,0,1,0,0,23,0,1,155,0,7,0,0,0,1,0,129,0
1,1,4,2,32,141,0,22,1,0,61,32,0,1,2,0,0,0,0,2,0,0,386,0,2,244,0,7,0,0,0,1,0,1,0
1,1,4,2,35,141,0,5,1,0,61,106,0,1,2,0,0,0,0,2,0,0,85,0,16,68,0,7,0,0,0,1,0,1,0
0,1,2,1,32,141,0,3,0,0,39,5,0,1,1,0,0,0,0,1,1,0,118,0,13,44,1,6,0,0,0,0,0,111,0
1,1,4,2,30,87,25,8,1,0,57,55,0,1,2,0,0,0,0,1,0,0,124,0,12,188,0,7,0,0,0,1,0,267,0
1,1,4,2,31,141,23,7,1,0,58,32,0,1,2,0,0,0,0,1,0,0,329,0,1,191,0,7,0,0,0,1,0,36,0
1,1,1,3,5,141,11,1,0,0,21,46,0,1,4,0,0,0,0,0,0,0,25,0,0,42,0,2,0,0,0,1,0,0,0
1,0,0,0,0,141,25,6,1,0,25,115,0,1,2,0,0,0,0,1,0,0,23,0,0,418,0,1,0,0,0,1,0,0,0
1,1,4,2,32,110,0,8,1,0,61,49,0,1,2,0,0,0,0,1,0,0,51,0,4,243,0,7,0,0,0,1,0,0,0
1,1,2,1,5,87,22,3,0,0,21,0,0,1,4,0,0,0,0,1,0,0,419,0,1,1,0,6,0,0,0,1,0,0,0
1,0,0,0,32,91,25,6,1,0,25,170,0,1,2,0,0,0,0,0,0,0,23,0,12,356,0,1,0,0,0,1,0,1,0
1,1,4,2,32,141,25,6,1,0,61,26,0,1,2,0,0,0,0,0,0,0,23,0,14,247,0,7,0,0,0,1,0,1,0
1,1,4,2,38,89,23,7,1,0,58,73,0,1,2,0,0,0,0,2,0,0,279,0,1,102,0,7,0,0,0,1,0,27,0
1,1,4,2,30,87,25,8,1,0,61,55,0,1,2,0,0,0,0,1,0,0,324,0,1,214,0,7,0,0,0,1,0,0,0
1,1,1,3,32,121,0,3,0,0,21,75,0,1,2,0,0,0,0,2,0,0,415,0,0,267,0,2,0,0,0,1,0,0,0
1,1,4,2,31,121,0,3,1,0,61,26,0,1,2,0,0,0,0,1,0,0,13,0,1,247,0,7,0,0,0,1,0,0,0
1,1,4,2,0,121,25,3,1,0,60,28,0,1,2,0,0,5,0,1,0,0,123,0,13,195,3,7,0,0,0,1,0,198,0
1,2,3,4,31,89,23,10,1,0,36,0,0,1,1,0,1,0,0,1,0,0,62,0,0,0,0,8,0,0,1,1,0,0,0
1,0,0,0,32,1,25,3,1,0,26,87,0,1,2,0,0,0,0,2,0,0,137,0,0,260,0,5,0,0,0,1,0,18,0
1,1,2,1,19,141,0,6,0,0,47,93,0,0,1,0,0,0,0,0,0,0,23,0,1,174,0,6,0,0,0,1,0,24,0
1,1,2,1,28,87,4,3,0,0,47,93,0,1,0,0,0,0,0,1,0,0,125,0,1,174,0,6,0,0,0,1,0,24,0
1,1,2,1,19,141,0,6,0,0,47,93,0,0,1,0,0,0,0,0,0,0,23,0,1,174,0,6,0,0,0,1,0,24,0
1,1,2,1,19,141,0,6,0,0,47,93,0,0,1,0,0,0,0,0,0,0,23,0,1,174,0,6,0,0,0,1,0,24,0
1,1,2,1,5,87,11,6,0,0,21,0,0,1,4,0,0,0,0,2,0,0,23,0,0,0,0,6,0,0,0,1,0,0,0
1,1,2,1,0,61,0,64,0,0,19,2,0,1,4,0,0,0,0,1,0,0,54,0,3,225,0,6,0,0,0,1,0,176,0
1,0,0,0,32,141,27,3,1,0,25,182,0,1,2,0,0,0,0,1,0,0,204,0,12,345,0,1,0,0,0,1,0,0,0
1,1,4,2,32,89,0,5,1,0,14,29,0,1,2,0,0,0,0,1,0,0,218,0,1,216,0,7,0,0,0,1,0,30,0
1,1,4,2,19,87,0,3,1,0,61,26,0,0,2,0,0,0,0,1,0,0,313,0,1,247,0,7,0,0,0,1,0,1,0
1,1,4,2,32,77,0,20,1,0,40,56,0,1,2,0,0,5,0,0,0,0,28,0,4,156,0,7,0,0,0,1,0,213,0
1,0,0,0,32,44,25,38,1,0,25,52,0,1,2,0,0,0,0,1,0,0,414,0,15,51,0,1,0,0,0,1,0,1,0
1,1,4,2,32,98,0,3,1,0,60,35,0,1,2,0,0,0,0,0,0,0,199,0,20,190,0,7,0,0,0,1,0,128,0
1,0,0,0,32,88,25,9,1,0,25,193,0,1,2,0,0,1,0,0,0,0,92,0,12,406,0,1,0,0,0,1,0,270,0
1,0,0,0,30,162,25,2,1,0,25,179,0,1,2,0,0,0,0,1,0,0,22,0,17,333,0,1,0,0,0,1,0,71,0
1,1,4,2,5,141,11,2,1,0,43,26,0,1,2,0,0,0,0,1,0,0,22,0,12,241,0,7,0,0,0,1,0,1,0
1,1,2,1,19,141,0,6,0,0,47,93,0,0,0,0,0,0,0,2,0,0,23,0,1,174,0,6,0,0,0,1,0,24,0
1,1,4,2,31,141,0,6,1,0,42,35,0,1,2,0,0,0,0,2,0,0,23,0,11,224,0,7,0,0,0,1,0,262,0
1,0,0,0,32,95,27,11,1,0,3,72,0,1,2,0,0,0,0,1,0,0,160,0,14,57,0,1,0,0,0,1,0,41,0
1,0,0,0,12,141,17,11,1,0,25,162,0,1,3,0,0,0,0,2,0,0,213,0,0,357,0,1,0,0,0,1,0,257,0
1,1,1,3,32,141,25,6,0,0,38,47,0,1,4,0,0,0,0,1,0,0,23,0,13,161,4,2,0,0,0,1,0,160,0
1,1,4,2,0,99,0,21,1,0,42,35,0,1,2,0,0,0,0,2,0,0,40,0,8,224,0,7,0,0,0,1,0,262,0
1,0,0,0,34,141,25,3,1,0,25,116,0,1,2,0,0,0,0,1,0,0,116,0,1,434,0,1,0,0,0,1,0,0,0
1,1,4,2,0,141,0,7,1,0,60,28,0,1,2,0,0,0,0,1,0,0,277,0,13,195,0,7,0,0,0,1,0,198,0
1,1,1,3,2,141,0,4,0,0,23,42,0,0,4,0,0,0,0,2,0,0,377,0,1,89,0,2,0,0,0,1,0,1,0
1,1,1,3,2,141,0,4,0,0,23,42,0,0,4,0,0,0,0,2,0,0,377,0,1,89,0,2,0,0,0,1,0,1,0
1,1,4,2,32,1,0,18,1,0,60,105,0,0,2,0,0,0,0,0,0,0,408,0,15,154,0,7,0,0,0,1,0,201,0
1,0,0,0,32,141,0,4,1,0,25,51,0,1,2,0,0,0,0,1,0,0,207,0,12,19,0,1,0,0,0,1,0,1,0
1,1,1,3,32,141,25,13,0,0,61,41,0,1,4,0,0,0,0,2,0,0,168,0,1,231,0,2,0,0,0,1,0,0,0
1,0,5,0,32,141,0,11,1,0,25,120,0,1,2,0,0,0,0,1,0,0,274,0,14,321,0,1,0,0,0,1,0,266,0
1,0,0,0,15,87,0,7,1,0,25,51,0,1,2,0,0,0,0,0,0,0,188,0,1,331,0,1,0,0,0,1,0,0,0
1,1,4,2,32,162,23,2,1,0,58,25,0,1,2,0,0,0,0,1,0,0,241,0,12,230,0,7,0,0,0,1,0,284,0
1,0,5,0,0,141,0,11,1,0,25,204,0,1,2,0,0,0,0,1,0,0,86,0,1,427,0,1,0,0,0,1,0,271,0
1,1,4,2,6,162,7,2,1,0,43,26,0,1,2,0,0,0,0,0,0,0,22,0,5,241,0,7,0,0,0,1,0,1,0
1,1,2,1,5,121,11,3,0,0,21,0,0,1,4,0,0,0,0,0,0,0,323,0,1,1,0,6,0,0,0,1,0,1,0
1,1,2,1,32,141,0,3,0,0,39,10,0,1,4,0,0,0,0,2,0,0,118,0,0,131,0,6,0,0,0,1,0,219,0
1,1,4,2,0,1,23,2,1,0,42,35,0,1,2,0,0,0,0,1,0,0,141,0,6,224,0,7,0,0,0,1,0,262,0
1,0,0,0,32,141,25,18,1,0,7,112,0,1,2,0,0,0,0,1,0,0,390,0,1,30,0,1,0,0,0,1,0,197,0
1,1,2,1,19,161,0,3,0,0,39,5,0,1,1,0,0,0,0,1,0,0,113,0,0,166,0,6,0,0,0,1,0,204,0
1,1,2,1,19,161,0,3,0,0,39,5,0,1,1,0,0,0,0,1,0,0,113,0,0,166,0,6,0,0,0,1,0,204,0
1,1,2,1,19,161,0,3,0,0,39,5,0,1,1,0,0,0,0,1,0,0,113,0,0,166,0,6,0,0,0,1,0,204,0
1,1,1,3,0,40,25,48,0,0,52,38,0,1,2,0,0,10,0,2,0,0,212,0,12,32,0,2,0,0,0,1,0,124,0
1,1,2,1,32,141,0,2,0,0,56,20,0,1,2,0,0,0,0,0,0,0,346,0,1,147,0,6,0,0,0,1,0,249,0
1,1,2,1,32,141,0,2,0,0,56,20,0,1,2,0,0,0,0,0,0,0,346,0,1,147,0,6,0,0,0,1,0,249,0
1,1,2,1,32,141,0,2,0,0,56,20,0,1,2,0,0,0,0,0,0,0,346,0,1,147,0,6,0,0,0,1,0,249,0
1,1,4,2,0,54,25,73,1,0,61,26,0,1,2,0,0,5,0,1,0,0,369,0,3,247,0,7,0,0,0,1,0,1,0
1,0,0,0,12,141,9,3,1,0,25,156,0,1,2,0,0,0,0,0,0,0,237,0,14,45,0,1,0,0,0,1,0,1,0
1,0,0,0,31,101,0,70,1,0,9,200,0,1,2,0,0,3,0,1,0,0,24,0,12,432,0,1,0,0,0,1,0,75,0
1,1,1,3,0,89,27,7,0,0,37,43,0,1,2,0,0,0,0,2,0,0,326,0,1,145,0,2,0,0,0,1,0,117,0
1,2,3,4,0,141,27,10,1,0,32,58,0,1,2,0,1,0,0,2,0,0,205,0,15,88,3,8,0,0,1,1,0,45,0
1,0,0,0,12,141,17,10,1,0,25,125,0,1,3,0,0,0,0,1,0,0,351,0,1,365,0,1,0,0,0,1,0,248,0
1,0,5,0,37,141,4,10,1,0,25,127,0,1,2,0,0,0,0,2,0,0,381,0,12,364,0,1,0,0,0,1,0,1,0
1,1,2,1,32,141,0,3,0,0,21,24,0,1,1,0,0,0,0,2,0,0,136,0,1,207,0,6,0,0,0,1,0,1,0
1,0,0,0,34,162,25,2,1,0,25,125,0,1,2,0,0,0,0,1,0,0,287,0,1,387,0,1,0,0,0,1,0,135,0
1,1,2,1,32,141,0,3,0,0,21,24,0,1,1,0,0,0,0,2,0,0,136,0,1,207,0,6,0,0,0,1,0,1,0
1,1,2,1,32,141,0,3,0,0,21,24,0,1,1,0,0,0,0,2,0,0,136,0,1,207,0,6,0,0,0,1,0,1,0
1,2,3,4,19,1,0,7,1,0,36,0,0,1,1,0,1,0,0,1,6,0,228,0,0,0,0,8,0,0,0,0,0,0,0
1,1,2,1,19,161,0,3,0,0,39,5,0,0,0,0,0,0,0,1,0,0,113,0,0,166,0,6,0,0,0,1,0,204,0
1,1,2,1,0,1,0,3,0,0,55,100,0,1,4,0,0,0,0,1,0,0,83,0,1,202,0,6,0,0,0,1,0,17,0
1,1,2,1,27,156,0,64,0,0,19,2,0,0,2,0,0,0,0,1,0,0,54,0,1,225,0,6,0,0,0,1,0,176,0
1,1,2,1,27,156,0,64,0,0,19,2,0,0,2,0,0,0,0,1,0,0,54,0,1,225,0,6,0,0,0,1,0,176,0
1,1,2,1,27,156,0,64,0,0,19,2,0,0,2,0,0,0,0,1,0,0,54,0,1,225,0,6,0,0,0,1,0,176,0
1,1,1,3,35,85,0,6,0,0,57,41,0,1,4,0,0,0,0,2,0,0,23,0,16,180,3,2,0,0,0,1,0,73,0
1,1,2,1,5,121,15,3,0,0,2,8,0,0,2,0,0,0,0,1,0,0,27,0,17,126,0,6,0,0,0,1,0,152,0
1,1,2,1,5,121,15,3,0,0,2,8,0,0,2,0,0,0,0,1,0,0,27,0,17,126,0,6,0,0,0,1,0,152,0
1,1,4,2,32,16,0,4,1,0,58,25,0,1,2,0,0,0,0,1,0,0,127,0,13,177,0,7,0,0,0,1,0,57,0
1,1,2,1,32,141,25,3,0,0,21,0,0,1,4,0,0,0,0,2,0,0,420,0,0,0,0,6,0,0,0,1,0,0,0
1,1,2,1,5,121,15,3,0,0,2,8,0,0,2,0,0,0,0,1,0,0,27,0,17,126,0,6,0,0,0,1,0,152,0
1,1,4,2,32,122,25,3,1,0,58,73,0,1,2,0,0,0,0,1,0,0,89,0,16,201,0,7,0,0,0,1,0,143,0
1,0,5,0,34,64,0,3,1,0,25,185,0,1,2,0,0,0,0,2,0,0,253,0,12,407,0,1,0,0,0,1,0,1,0
1,0,5,0,32,141,0,10,1,0,25,151,0,1,2,0,0,0,0,2,0,0,44,0,1,313,0,1,0,0,0,1,0,1,0
1,1,2,1,31,18,0,6,0,0,54,95,0,1,0,0,0,0,0,2,0,0,23,0,12,200,0,6,0,0,0,1,0,54,0
1,1,4,2,32,1,25,13,1,0,58,25,0,1,2,0,0,0,0,1,0,0,353,0,17,230,0,7,0,0,0,1,0,284,0
1,0,0,0,0,122,0,18,1,0,2,159,0,1,2,0,0,0,0,1,0,0,225,0,1,374,0,1,0,0,0,1,0,112,0
1,0,0,0,32,123,11,7,1,0,26,87,0,1,2,0,0,0,0,2,0,0,221,0,1,451,0,5,0,0,0,1,0,221,0
1,1,1,3,19,29,0,4,0,0,24,45,0,0,4,0,0,0,0,2,0,0,131,0,1,40,0,2,0,0,0,1,0,0,0
1,1,2,1,31,52,0,3,0,0,59,2,0,1,4,0,0,0,0,0,0,0,409,0,12,219,0,6,0,0,0,1,0,63,0
1,1,4,2,5,87,22,7,1,0,58,25,0,1,2,0,0,0,0,1,0,0,329,0,12,230,0,7,0,0,0,1,0,284,0
1,1,2,1,32,141,0,3,0,0,21,24,0,1,0,0,0,0,0,2,0,0,136,0,1,207,0,6,0,0,0,1,0,1,0
1,1,4,2,0,141,0,7,1,0,61,26,0,1,2,0,0,0,0,0,0,0,387,0,16,247,0,7,0,0,0,1,0,1,0
1,0,5,0,32,53,27,43,1,0,9,70,0,1,2,0,0,0,0,1,0,0,80,0,1,379,0,1,0,0,0,1,0,265,0
0,1,2,1,32,1,0,3,0,0,39,9,0,1,2,0,0,0,0,1,6,0,60,0,2,209,1,6,0,0,0,0,0,207,0
1,1,4,2,12,141,8,2,1,0,58,25,0,1,2,0,0,0,0,1,0,0,191,0,3,230,0,7,0,0,0,1,0,284,0
1,0,0,0,31,141,23,4,1,0,14,167,0,1,2,0,0,0,0,0,0,0,73,0,1,358,0,1,0,0,0,1,0,10,0
1,1,4,2,32,31,0,64,1,0,61,26,0,1,2,0,0,5,0,1,0,0,54,0,0,247,0,7,0,0,0,1,0,0,0
1,1,2,1,32,99,23,3,0,0,21,10,0,1,4,0,0,0,0,1,0,0,424,0,16,5,0,6,0,0,0,1,0,289,0
1,0,0,0,32,1,23,4,1,0,29,0,0,1,2,0,0,0,0,0,0,0,361,0,1,23,0,3,0,0,0,1,0,278,0
1,0,0,0,0,87,0,10,1,0,29,79,0,0,2,0,0,0,0,2,0,0,44,0,0,284,0,3,0,0,0,1,0,285,0
1,0,5,0,19,141,0,15,1,0,9,52,0,0,2,0,0,0,0,2,0,0,174,0,14,11,0,1,0,0,0,1,0,223,0
1,1,4,2,0,141,0,13,1,0,58,25,0,1,2,0,0,0,0,1,0,0,393,0,0,230,0,7,0,0,0,1,0,284,0
1,0,0,0,0,141,0,4,1,0,7,124,0,1,2,0,0,0,0,1,0,0,312,0,1,330,0,1,0,0,0,1,0,137,0
1,0,0,0,5,9,21,59,1,0,7,129,0,1,3,0,0,0,0,1,0,0,2,0,1,2,0,1,0,0,0,1,0,1,0
1,1,1,3,0,130,0,47,0,0,21,46,0,1,2,0,0,2,0,1,0,0,80,0,1,100,0,2,0,0,0,1,0,1,0
1,1,2,1,32,121,25,3,0,0,18,2,0,0,4,0,0,0,0,0,0,0,409,0,13,125,0,6,0,0,0,1,0,81,0
1,1,2,1,34,141,25,3,0,0,39,93,0,1,1,0,0,0,0,1,0,0,367,0,0,124,0,6,0,0,0,1,0,240,0
1,1,2,1,34,141,25,3,0,0,39,93,0,1,1,0,0,0,0,1,0,0,367,0,0,124,0,6,0,0,0,1,0,240,0
1,1,2,1,34,141,25,3,0,0,39,93,0,1,1,0,0,0,0,1,0,0,367,0,0,124,0,6,0,0,0,1,0,240,0
1,1,2,1,5,121,15,3,0,0,2,8,0,0,0,0,0,0,0,2,0,0,415,0,17,126,0,6,0,0,0,1,0,152,0
1,1,4,2,32,106,11,45,1,0,58,25,0,1,2,0,0,0,0,1,0,0,32,0,16,223,0,7,0,0,0,1,0,97,0
1,1,1,3,29,141,4,4,0,0,23,42,0,1,4,0,0,0,0,2,0,0,91,0,1,89,0,2,0,0,0,1,0,0,0
1,1,1,3,29,141,4,4,0,0,23,42,0,1,4,0,0,0,0,2,0,0,91,0,1,89,0,2,0,0,0,1,0,0,0
1,0,5,0,32,141,0,7,1,0,0,136,0,1,2,0,0,0,0,2,0,0,394,0,1,317,0,1,0,0,0,1,0,238,0
1,0,5,0,32,141,0,3,1,0,7,51,0,1,2,0,0,0,0,2,0,0,93,0,1,386,3,1,0,0,0,1,0,1,0
1,1,4,2,31,115,0,46,1,0,61,26,0,1,2,0,0,0,0,1,0,0,106,0,3,247,0,7,0,0,0,1,0,1,0
1,1,4,2,32,58,0,10,1,0,56,62,0,1,2,0,0,0,0,1,0,0,36,0,16,226,0,7,0,0,0,1,0,200,0
1,1,4,2,30,50,0,12,1,0,58,25,0,1,2,0,0,0,0,2,0,0,47,0,15,230,0,7,0,0,0,1,0,284,0
1,0,0,0,19,161,27,3,1,0,25,130,0,1,2,0,0,5,0,1,0,0,328,0,14,442,0,1,0,0,0,1,0,1,0
1,1,1,3,13,1,18,7,0,0,37,43,0,1,2,0,0,0,0,2,0,0,175,0,1,145,0,2,0,0,0,1,0,117,0
1,0,0,0,19,141,0,1,1,0,9,183,0,0,2,0,0,0,0,1,0,0,236,0,14,355,0,1,0,0,0,1,0,226,0
1,1,4,2,32,119,0,18,1,0,58,25,0,1,2,0,0,0,0,1,0,0,416,0,14,230,0,7,0,0,0,1,0,284,0
1,1,4,2,19,141,0,7,1,0,58,25,0,0,2,0,0,0,0,0,0,0,376,0,12,230,0,7,0,0,0,1,0,284,0
1,0,0,0,32,141,0,5,1,0,25,151,0,1,2,0,0,0,0,2,0,0,63,0,12,385,0,1,0,0,0,1,0,0,0
1,1,4,2,32,67,0,5,1,0,14,27,0,1,2,0,0,0,0,0,0,0,94,0,13,233,0,7,0,0,0,1,0,12,0
1,0,0,0,32,1,0,3,1,0,7,51,0,1,2,0,0,0,0,0,0,0,423,0,1,382,0,1,0,0,0,1,0,174,0
1,1,4,2,3,141,7,10,1,0,61,26,0,1,2,0,0,0,0,2,0,0,203,0,3,247,0,7,0,0,0,1,0,1,0
0,1,2,1,31,131,0,3,0,0,39,3,0,1,1,0,0,0,0,0,2,0,360,0,6,123,1,6,0,0,0,0,0,181,0
1,1,2,1,31,1,0,6,0,0,21,92,0,1,1,0,0,0,0,0,0,0,23,0,1,249,0,6,0,0,0,1,0,1,0
1,1,2,1,31,1,0,6,0,0,21,92,0,1,1,0,0,0,0,0,0,0,23,0,1,249,0,6,0,0,0,1,0,1,0
1,1,2,1,31,1,0,6,0,0,21,92,0,1,1,0,0,0,0,0,0,0,23,0,1,249,0,6,0,0,0,1,0,1,0
1,1,4,2,13,141,0,6,1,0,58,23,0,1,2,0,0,0,0,0,0,0,23,0,17,94,3,7,0,0,0,1,0,255,0
1,1,2,1,19,158,0,3,0,0,2,18,0,0,2,0,0,0,0,2,0,0,330,0,12,179,0,6,0,0,0,1,0,83,0
1,1,2,1,19,158,0,3,0,0,2,18,0,0,2,0,0,0,0,2,0,0,330,0,12,179,0,6,0,0,0,1,0,83,0
1,1,2,1,19,158,0,3,0,0,2,18,0,0,2,0,0,0,0,2,0,0,330,0,12,179,0,6,0,0,0,1,0,83,0
1,1,4,2,4,41,23,9,1,0,61,26,0,1,2,0,0,0,0,1,0,0,92,0,13,247,0,7,0,0,0,1,0,1,0
1,0,5,0,5,86,22,4,1,0,9,152,0,1,2,0,0,0,0,2,0,0,371,0,1,413,0,1,0,0,0,1,0,77,0
1,2,3,4,35,162,0,2,1,0,36,0,0,1,1,0,1,0,0,1,0,0,156,0,0,0,0,8,0,0,1,1,0,0,0
1,0,0,0,31,57,0,2,1,0,32,0,0,1,2,0,0,0,0,2,0,0,241,0,1,229,0,3,0,0,0,1,0,260,0
1,1,1,3,32,89,0,7,0,0,47,40,0,1,4,0,0,0,0,1,0,0,282,0,12,141,0,2,0,0,0,1,0,212,0
1,1,4,2,0,107,0,63,1,0,60,28,0,1,2,0,0,7,0,1,0,0,6,0,12,195,0,7,0,0,0,1,0,198,0
1,0,0,0,12,91,17,6,1,0,25,88,0,1,3,0,0,0,0,2,0,0,23,0,0,433,0,1,0,0,0,1,0,0,0
1,1,1,3,32,87,27,6,0,0,18,44,0,0,4,0,0,0,0,2,0,0,23,0,1,144,0,2,0,0,0,1,0,187,0
1,1,4,2,14,85,0,6,1,0,14,29,0,1,2,0,0,0,0,2,0,0,23,0,0,216,0,7,0,0,0,1,0,30,0
1,1,4,2,19,141,0,6,1,0,42,54,0,0,2,0,0,0,0,0,0,0,23,0,15,186,0,7,0,0,0,1,0,190,0
1,0,5,0,32,141,25,6,1,0,25,123,0,1,2,0,0,0,0,1,0,0,23,0,1,10,0,1,0,0,0,1,0,172,0
1,0,0,0,32,98,27,12,1,0,25,139,0,1,2,0,0,0,0,2,0,0,348,0,14,81,0,1,0,0,0,1,0,1,0
1,1,1,3,5,162,11,2,0,0,18,43,0,1,2,0,0,0,0,2,0,0,35,0,0,240,0,2,0,0,0,1,0,0,0
1,2,3,4,0,162,27,2,1,0,36,0,0,0,2,0,1,0,0,2,0,0,22,0,0,1,0,8,0,0,1,1,0,1,0
1,1,4,2,32,1,0,11,1,0,55,35,0,1,2,0,0,0,0,1,0,0,398,0,1,160,0,7,0,0,0,1,0,26,0
1,1,4,2,30,141,0,13,1,0,42,62,0,1,2,0,0,0,0,2,0,0,101,0,14,168,3,7,0,0,0,1,0,25,0
1,1,1,3,32,89,0,1,0,0,22,43,0,1,2,0,0,0,0,1,0,0,25,0,13,248,3,2,0,0,0,1,0,1,0
1,1,4,2,0,1,27,10,1,0,60,28,0,1,2,0,0,0,0,1,0,0,388,0,14,195,0,7,0,0,0,1,0,198,0
1,0,0,0,32,141,0,3,1,0,44,0,0,1,2,0,0,0,0,0,0,0,83,0,1,66,3,0,0,0,0,1,0,196,0
1,1,1,3,32,89,25,1,0,0,52,38,0,1,2,0,0,0,0,2,0,0,25,0,1,278,0,2,0,0,0,1,0,0,0
1,1,4,2,11,94,4,67,1,0,14,27,0,0,2,0,0,5,0,1,0,0,5,0,13,193,0,7,0,0,0,1,0,215,0
1,1,4,2,5,17,21,6,1,0,58,26,0,0,2,0,0,0,0,2,0,0,23,0,0,206,0,7,0,0,0,1,0,0,0
1,1,4,2,17,98,4,12,1,0,58,25,0,1,2,0,0,0,0,1,0,0,47,0,1,230,0,7,0,0,0,1,0,284,0
1,1,4,2,30,160,25,7,1,0,60,28,0,1,2,0,0,0,0,2,0,0,397,0,1,195,0,7,0,0,0,1,0,198,0
1,1,4,2,32,141,0,5,1,0,14,27,0,1,2,0,0,0,0,1,0,0,76,0,1,212,0,7,0,0,0,1,0,13,0
1,1,4,2,32,105,0,7,1,0,42,35,0,0,2,0,0,0,0,2,0,0,356,0,13,224,3,7,0,0,0,1,0,262,0
1,1,1,3,12,93,17,6,0,0,67,45,0,1,4,0,0,0,0,0,0,0,23,0,12,109,0,2,0,0,0,1,0,31,0
1,0,0,0,10,134,0,35,1,0,25,167,0,1,2,0,0,0,0,0,0,0,115,0,2,37,0,1,0,0,0,1,0,1,0
1,0,5,0,30,141,25,7,1,0,11,140,0,1,2,0,0,0,0,0,0,0,301,0,1,17,0,1,0,0,0,1,0,34,0
1,1,4,2,32,141,0,1,1,0,61,26,0,1,2,0,0,5,0,2,0,0,25,0,12,247,0,7,0,0,0,1,0,0,0
1,0,0,0,32,87,25,3,1,0,25,119,0,1,2,0,0,0,0,1,0,0,57,0,1,332,0,1,0,0,0,1,0,74,0
1,0,5,0,12,95,20,11,1,0,8,161,0,1,3,0,0,0,0,2,0,0,407,0,8,370,0,1,0,0,0,1,0,1,0
1,0,0,0,17,23,4,57,1,0,25,194,0,1,2,0,0,0,0,1,0,0,114,0,1,421,0,1,0,0,0,1,0,93,0
1,2,3,4,32,141,0,3,1,0,36,0,0,1,2,0,1,0,0,1,0,0,362,0,0,0,0,8,0,0,1,1,0,0,0
1,1,4,2,32,141,27,4,1,0,58,37,0,1,2,0,0,0,0,1,0,0,219,0,13,239,0,7,0,0,0,1,0,1,0
1,1,4,2,0,162,0,2,1,0,61,26,0,1,2,0,0,0,0,2,0,0,74,0,0,247,0,7,0,0,0,1,0,0,0
1,0,0,0,32,1,0,5,1,0,9,84,0,1,2,0,0,0,0,1,0,0,303,0,1,8,0,1,0,0,0,1,0,217,0
1,0,0,0,3,98,12,5,1,0,25,50,0,1,2,0,0,0,0,1,0,0,155,0,1,64,0,1,0,0,0,1,0,0,0
1,0,5,0,31,141,0,4,1,0,25,84,0,1,2,0,0,0,0,2,0,0,233,0,13,31,0,1,0,0,0,1,0,1,0
1,2,3,4,4,88,23,26,1,0,36,0,0,1,1,0,1,1,0,2,0,0,164,0,0,0,0,8,0,0,1,1,0,0,0
1,1,2,1,31,164,23,6,0,0,21,0,0,1,4,0,0,0,0,0,0,0,23,0,12,1,0,6,0,0,0,1,0,1,0
1,0,5,0,5,141,22,3,1,0,11,36,0,1,2,0,0,0,0,2,0,0,263,0,12,21,0,1,0,0,0,1,0,1,0
1,0,0,0,19,141,0,5,1,0,7,148,0,0,2,0,0,0,0,2,0,0,121,0,1,307,0,1,0,0,0,1,0,58,0
1,1,4,2,34,158,25,6,1,0,56,31,0,1,2,0,0,0,0,1,0,0,23,0,17,215,0,7,0,0,0,1,0,170,0
1,1,1,3,12,93,8,6,0,0,37,43,0,1,2,0,0,0,0,2,0,0,23,0,1,145,0,2,0,0,0,1,0,117,0
1,0,5,0,4,1,25,13,1,0,5,36,0,1,2,0,0,0,0,2,0,0,325,0,1,63,3,1,0,0,0,1,0,120,0
1,2,3,4,0,89,0,7,1,0,36,0,0,1,4,0,1,0,0,2,0,0,42,0,0,0,0,8,0,0,1,1,0,0,0
1,2,3,4,30,89,0,5,1,0,36,0,0,1,4,0,1,0,0,0,0,0,405,0,0,0,0,8,0,0,1,1,0,0,0
1,1,4,2,9,70,0,7,1,0,42,35,0,1,2,0,0,5,0,1,0,0,224,0,13,224,3,7,0,0,0,1,0,262,0
1,1,2,1,34,117,26,3,0,0,21,0,0,1,4,0,0,0,0,2,0,0,95,0,0,1,0,6,0,0,0,1,0,0,0
1,0,0,0,5,141,21,7,1,0,25,142,0,1,3,0,0,0,0,2,0,0,347,0,0,9,0,1,0,0,0,1,0,0,0
1,1,4,2,31,99,0,21,1,0,14,29,0,1,2,0,0,0,0,1,0,0,40,0,5,216,0,7,0,0,0,1,0,30,0
1,0,0,0,32,168,27,33,1,0,5,121,0,1,2,0,0,4,0,2,0,0,410,0,1,14,0,1,0,0,0,1,0,103,0
1,1,2,1,12,87,8,6,0,0,39,5,0,1,1,0,0,0,0,1,0,0,23,0,1,181,0,6,0,0,0,1,0,28,0
1,1,2,1,12,87,8,6,0,0,39,5,0,1,1,0,0,0,0,1,0,0,23,0,1,181,0,6,0,0,0,1,0,28,0
1,1,2,1,12,87,8,6,0,0,39,5,0,1,1,0,0,0,0,1,0,0,23,0,1,181,0,6,0,0,0,1,0,28,0
1,0,5,0,5,161,11,3,1,0,32,81,0,1,2,0,0,0,0,1,0,0,342,0,1,48,0,5,0,0,0,1,0,47,0
1,1,1,3,32,141,0,6,0,0,14,41,0,0,2,0,0,0,0,2,0,0,23,0,1,222,0,2,0,0,0,1,0,16,0
1,0,0,0,19,122,0,3,1,0,25,179,0,1,2,0,0,0,0,0,0,0,135,0,11,62,3,1,0,0,0,1,0,1,0
1,1,4,2,34,63,0,7,1,0,56,31,0,1,2,0,0,0,0,0,0,0,372,0,1,215,0,7,0,0,0,1,0,170,0
1,1,2,1,19,141,0,5,0,0,21,0,0,0,4,0,0,0,0,2,0,0,63,0,1,1,0,6,0,0,0,1,0,1,0
1,1,2,1,32,1,0,3,0,0,50,7,0,1,2,0,0,0,0,1,0,0,60,0,3,182,3,6,0,0,0,1,0,275,0
1,1,2,1,32,1,0,3,0,0,50,7,0,1,2,0,0,0,0,1,0,0,60,0,3,182,3,6,0,0,0,1,0,275,0
1,1,2,1,32,1,0,3,0,0,50,7,0,1,2,0,0,0,0,1,0,0,60,0,3,182,3,6,0,0,0,1,0,275,0
1,0,0,0,12,93,8,6,1,0,25,146,0,1,3,0,0,0,0,0,0,0,23,0,12,390,0,1,0,0,0,1,0,1,0
1,1,4,2,19,141,0,6,1,0,58,25,0,0,2,0,0,0,0,2,0,0,23,0,14,230,0,7,0,0,0,1,0,284,0
1,2,3,4,32,1,27,5,1,0,36,0,0,1,2,0,1,0,0,2,0,0,129,0,0,0,0,8,0,0,1,1,0,0,0
1,1,2,1,19,161,0,3,0,0,39,5,0,0,4,0,0,0,0,2,0,0,113,0,1,166,0,6,0,0,0,1,0,204,0
0,1,4,2,34,164,25,6,1,0,58,25,0,1,2,0,0,0,0,0,6,0,23,0,15,177,0,7,0,0,0,0,0,57,0
0,1,1,3,12,106,8,45,0,0,14,41,0,1,2,0,0,0,0,2,3,0,32,0,1,222,0,2,0,0,0,0,0,16,0
1,1,1,3,19,137,0,22,0,0,23,47,0,0,2,0,0,0,0,2,0,0,265,0,1,262,0,2,0,0,0,1,0,0,0
1,2,3,4,4,141,25,5,1,0,36,0,0,1,4,0,1,0,0,1,0,0,286,0,0,1,0,8,0,0,1,1,0,0,0
1,1,2,1,32,146,0,34,0,0,19,2,0,1,4,0,0,0,0,1,0,0,0,0,2,225,0,6,0,0,0,1,0,176,0
1,1,4,2,32,141,0,18,1,0,60,28,0,1,2,0,0,0,0,1,0,0,408,0,0,195,0,7,0,0,0,1,0,198,0
1,1,2,1,32,87,4,6,0,0,47,1,0,0,4,0,0,0,0,1,0,0,23,0,0,175,0,6,0,0,0,1,0,84,0
1,1,2,1,34,141,0,10,0,0,21,0,0,1,4,0,0,0,0,2,0,0,340,0,0,1,0,6,0,0,0,1,0,1,0
1,1,4,2,0,87,27,3,1,0,61,26,0,1,2,0,0,0,0,2,0,0,253,0,13,247,0,7,0,0,0,1,0,1,0
1,1,4,2,27,15,0,18,1,0,42,35,0,0,2,0,0,0,0,2,0,0,229,0,6,224,3,7,0,0,0,1,0,262,0
1,1,2,1,5,121,22,3,0,0,21,0,0,0,4,0,0,0,0,2,0,0,409,0,12,1,0,6,0,0,0,1,0,1,0
1,2,3,4,32,162,25,2,1,0,36,0,0,1,4,0,1,0,0,1,0,0,302,0,0,1,0,8,0,0,1,1,0,1,0
1,2,3,4,34,76,25,20,1,0,36,0,0,1,1,0,1,8,0,0,0,0,28,0,0,0,0,8,0,0,1,1,0,0,0
1,1,1,3,32,87,0,18,0,0,22,43,0,1,4,0,0,0,0,2,0,0,197,0,15,98,0,2,0,0,0,1,0,1,0
1,1,2,1,0,61,0,64,0,0,50,91,0,1,0,0,0,0,0,2,0,0,54,0,3,150,0,6,0,0,0,1,0,11,0
1,1,2,1,5,121,15,3,0,0,2,8,0,0,4,0,0,0,0,1,0,0,419,0,17,126,0,6,0,0,0,1,0,152,0
1,1,2,1,12,93,17,6,0,0,54,95,0,1,1,0,0,0,0,1,0,0,23,0,0,200,0,6,0,0,0,1,0,54,0
1,1,2,1,12,93,17,6,0,0,54,95,0,1,1,0,0,0,0,1,0,0,23,0,0,200,0,6,0,0,0,1,0,54,0
1,1,2,1,12,93,17,6,0,0,54,95,0,1,1,0,0,0,0,1,0,0,23,0,0,200,0,6,0,0,0,1,0,54,0
1,1,4,2,38,87,0,4,1,0,58,62,0,1,2,0,0,0,0,2,0,0,403,0,19,146,0,7,0,0,0,1,0,254,0
1,1,4,2,31,141,0,7,1,0,61,26,0,1,2,0,0,0,0,1,0,0,264,0,16,247,0,7,0,0,0,1,0,1,0
1,2,3,4,32,121,0,3,1,0,36,0,0,1,2,0,1,0,0,1,0,0,419,0,0,1,0,8,0,0,1,1,0,1,0
1,0,0,0,34,98,0,5,1,0,25,187,0,1,2,0,0,0,0,2,0,0,290,0,12,308,0,1,0,0,0,1,0,0,0
1,1,4,2,32,161,0,3,1,0,58,25,0,1,2,0,0,0,0,1,0,0,171,0,6,230,0,7,0,0,0,1,0,284,0
1,0,0,0,34,111,25,37,1,0,25,152,0,1,2,0,0,2,0,2,0,0,245,0,1,417,0,1,0,0,0,1,0,0,0
1,0,0,0,32,158,4,8,1,0,36,0,0,1,2,0,0,5,0,0,0,0,17,0,1,15,0,3,0,0,0,1,0,0,0
1,1,2,1,30,141,11,6,0,0,39,16,0,1,1,0,0,0,0,2,0,0,23,0,2,105,0,6,0,0,0,1,0,86,0
1,1,2,1,30,141,11,6,0,0,39,16,0,1,1,0,0,0,0,2,0,0,23,0,2,105,0,6,0,0,0,1,0,86,0
1,1,2,1,30,141,11,6,0,0,39,16,0,1,1,0,0,0,0,2,0,0,23,0,2,105,0,6,0,0,0,1,0,86,0
1,1,2,1,30,141,11,6,0,0,39,16,0,1,1,0,0,0,0,2,0,0,23,0,2,105,0,6,0,0,0,1,0,86,0
1,1,4,2,19,154,2,61,1,0,58,62,0,0,2,0,0,0,0,2,0,0,3,0,13,167,0,7,0,0,0,1,0,225,0
1,1,2,1,32,141,0,3,0,0,39,93,0,1,1,0,0,0,0,1,0,0,118,0,13,124,3,6,0,0,0,1,0,240,0
1,1,2,1,32,141,0,3,0,0,39,93,0,1,1,0,0,0,0,1,0,0,118,0,13,124,3,6,0,0,0,1,0,240,0
1,1,2,1,32,141,0,3,0,0,39,93,0,1,1,0,0,0,0,1,0,0,118,0,13,124,3,6,0,0,0,1,0,240,0
1,2,3,4,32,141,15,13,1,0,36,0,0,1,4,0,1,0,0,2,0,0,251,0,0,1,0,8,0,0,1,1,0,0,0
1,1,4,2,31,141,0,3,1,0,14,26,0,1,2,0,0,0,0,2,0,0,341,0,13,235,0,7,0,0,0,1,0,230,0
1,0,0,0,14,127,0,2,1,0,5,111,0,1,2,0,0,0,0,1,0,0,22,0,12,439,0,1,0,0,0,1,0,106,0
1,2,3,4,0,1,27,1,1,0,36,0,0,1,2,0,1,0,0,2,0,0,300,0,0,0,0,8,0,0,1,1,0,0,0
1,2,3,4,32,141,25,2,1,0,36,0,0,1,2,0,1,0,0,0,0,0,120,0,0,1,0,8,0,0,1,1,0,1,0
1,0,0,0,3,141,14,2,1,0,9,153,0,1,3,0,0,0,0,1,0,0,179,0,0,289,0,1,0,0,0,1,0,130,0
1,0,0,0,12,141,17,18,1,0,25,198,0,1,3,0,0,0,0,2,0,0,298,0,0,428,0,1,0,0,0,1,0,0,0
1,1,4,2,32,1,25,13,1,0,56,62,0,1,2,0,0,0,0,0,0,0,176,0,18,226,0,7,0,0,0,1,0,200,0
1,1,4,2,32,87,0,3,1,0,60,28,0,1,2,0,0,0,0,2,0,0,82,0,1,195,0,7,0,0,0,1,0,198,0
1,1,4,2,32,116,0,7,1,0,14,29,0,1,2,0,0,0,0,0,0,0,256,0,20,216,0,7,0,0,0,1,0,30,0
1,1,4,2,34,141,0,6,1,0,42,35,0,1,2,0,0,0,0,2,0,0,23,0,1,224,0,7,0,0,0,1,0,262,0
1,1,4,2,0,141,0,1,1,0,43,74,0,1,2,0,0,0,0,2,0,0,177,0,15,221,0,7,0,0,0,1,0,268,0
1,1,4,2,25,136,22,51,1,0,14,29,0,1,2,0,0,12,0,0,0,0,133,0,0,216,0,7,0,0,0,1,0,30,0
1,1,4,2,32,87,11,4,1,0,60,28,0,1,2,0,0,0,0,1,0,0,257,0,1,195,0,7,0,0,0,1,0,198,0
1,1,4,2,0,87,0,6,1,0,58,25,0,1,2,0,0,0,0,2,0,0,23,0,15,230,0,7,0,0,0,1,0,284,0
1,0,0,0,32,17,0,19,1,0,25,172,0,1,2,0,0,5,0,1,0,0,150,0,15,461,0,1,0,0,0,1,0,1,0
1,1,1,3,5,141,11,1,0,0,48,42,0,1,4,0,0,0,0,2,0,0,177,0,15,203,0,2,0,0,0,1,0,1,0
1,1,2,1,1,141,20,3,0,0,39,10,0,1,1,0,0,0,0,2,0,0,118,0,1,187,3,6,0,0,0,1,0,282,0
1,1,2,1,1,141,20,3,0,0,39,10,0,1,1,0,0,0,0,2,0,0,118,0,1,187,3,6,0,0,0,1,0,282,0
1,1,2,1,1,141,20,3,0,0,39,10,0,1,1,0,0,0,0,2,0,0,118,0,1,187,3,6,0,0,0,1,0,282,0
1,1,4,2,34,82,25,3,1,0,14,26,0,1,2,0,0,0,0,1,0,0,147,0,13,235,0,7,0,0,0,1,0,230,0
1,1,4,2,0,91,17,6,1,0,42,35,0,1,2,0,0,0,0,1,0,0,23,0,0,224,0,7,0,0,0,1,0,262,0
1,1,4,2,32,141,0,7,1,0,61,26,0,1,2,0,0,0,0,2,0,0,404,0,13,247,0,7,0,0,0,1,0,1,0
1,1,4,2,32,87,0,3,1,0,14,29,0,0,2,0,0,0,0,1,0,0,165,0,12,216,0,7,0,0,0,1,0,30,0
1,1,4,2,19,120,0,4,1,0,14,29,0,1,2,0,0,0,0,1,0,0,223,0,15,216,0,7,0,0,0,1,0,30,0
1,0,5,0,32,15,0,17,1,0,25,50,0,1,2,0,0,0,0,0,0,0,167,0,16,359,0,1,0,0,0,1,0,211,0
1,1,2,1,32,98,23,5,0,0,39,93,0,1,4,0,0,0,0,1,0,0,108,0,1,124,0,6,0,0,0,1,0,240,0
1,1,4,2,0,100,0,2,1,0,61,26,0,1,2,0,0,0,0,2,0,0,99,0,1,247,0,7,0,0,0,1,0,0,0
1,1,4,2,30,87,25,8,1,0,57,55,0,1,2,0,0,0,0,1,0,0,51,0,14,114,0,7,0,0,0,1,0,241,0
1,1,4,2,5,43,11,59,1,0,43,35,0,1,2,0,0,5,0,2,0,0,2,0,0,189,0,7,0,0,0,1,0,145,0
1,1,1,3,31,19,0,1,0,0,18,43,0,1,2,0,0,0,0,1,0,0,300,0,1,240,0,2,0,0,0,1,0,1,0
1,1,4,2,27,15,0,18,1,0,60,28,0,1,2,0,0,0,0,1,0,0,229,0,7,195,3,7,0,0,0,1,0,198,0
1,1,1,3,38,141,0,3,0,0,63,39,0,1,2,0,0,0,0,1,0,0,61,0,1,238,0,2,0,0,0,1,0,0,0
1,1,4,2,12,1,17,2,1,0,41,105,0,1,2,0,0,0,0,1,0,0,69,0,1,122,0,7,0,0,0,1,0,8,0
1,1,2,1,3,69,7,3,0,0,65,92,0,1,1,0,0,0,0,1,0,0,420,0,13,218,3,6,0,0,0,1,0,281,0
1,1,2,1,3,69,7,3,0,0,65,92,0,1,1,0,0,0,0,1,0,0,420,0,13,218,3,6,0,0,0,1,0,281,0
1,1,2,1,3,69,7,3,0,0,65,92,0,1,1,0,0,0,0,1,0,0,420,0,13,218,3,6,0,0,0,1,0,281,0
1,1,1,3,13,109,15,1,0,0,23,42,0,1,2,0,0,0,0,2,0,0,236,0,14,71,0,2,0,0,0,1,0,1,0
1,0,5,0,32,141,27,19,1,0,25,195,0,1,2,0,0,0,0,0,0,0,306,0,1,314,0,1,0,0,0,1,0,0,0
1,1,4,2,31,141,0,3,1,0,14,27,0,1,2,0,0,0,0,1,0,0,126,0,12,199,0,7,0,0,0,1,0,33,0
1,1,4,2,0,141,0,1,1,0,61,61,0,1,2,0,0,0,0,0,0,0,236,0,2,227,3,7,0,0,0,1,0,1,0
1,1,4,2,3,5,14,60,1,0,58,23,0,1,2,0,0,0,0,2,0,0,10,0,0,110,0,7,0,0,0,1,0,162,0
1,0,0,0,32,169,0,4,1,0,27,0,0,1,2,0,0,0,0,2,0,0,12,0,12,79,0,3,0,0,0,1,0,287,0
1,0,0,0,32,141,25,7,1,0,8,169,0,1,2,0,0,0,0,0,0,0,258,0,1,324,0,1,0,0,0,1,0,0,0
1,1,4,2,32,98,0,5,1,0,58,25,0,1,2,0,0,0,0,0,0,0,65,0,12,230,0,7,0,0,0,1,0,284,0
1,0,0,0,32,141,0,2,1,0,5,107,0,1,2,0,0,0,0,1,0,0,37,0,20,454,0,1,0,0,0,1,0,114,0
1,0,0,0,19,98,0,5,1,0,25,180,0,0,2,0,0,0,0,1,0,0,354,0,1,394,0,1,0,0,0,1,0,0,0
1,1,1,3,31,126,0,16,0,0,18,44,0,1,4,0,0,8,0,0,0,0,41,0,8,144,0,2,0,0,0,1,0,187,0
1,1,2,1,19,121,0,3,0,0,21,83,0,0,1,0,0,0,0,0,0,0,96,0,19,20,3,6,0,0,0,1,0,43,0
1,0,0,0,32,87,25,4,1,0,7,159,0,0,2,0,0,0,0,2,0,0,399,0,17,291,0,1,0,0,0,1,0,1,0
1,1,2,1,19,121,0,3,0,0,21,83,0,0,1,0,0,0,0,0,0,0,96,0,19,20,3,6,0,0,0,1,0,43,0
1,1,2,1,19,121,0,3,0,0,21,83,0,0,1,0,0,0,0,0,0,0,96,0,19,20,3,6,0,0,0,1,0,43,0
1,1,4,2,32,141,4,7,1,0,42,35,0,1,2,0,0,0,0,2,0,0,206,0,14,224,0,7,0,0,0,1,0,262,0
1,0,5,0,32,141,0,4,1,0,7,115,0,1,2,0,0,0,0,1,0,0,336,0,1,22,0,1,0,0,0,1,0,1,0
1,1,4,2,0,87,0,3,1,0,58,25,0,1,2,0,0,0,0,1,0,0,49,0,1,230,0,7,0,0,0,1,0,284,0
1,0,0,0,13,79,0,16,1,0,25,175,0,1,2,0,0,0,0,1,0,0,41,0,12,404,0,1,0,0,0,1,0,0,0
1,0,5,0,0,116,25,7,1,0,5,143,0,1,2,0,0,0,0,1,0,0,181,0,1,327,0,1,0,0,0,1,0,149,0
1,1,1,3,34,87,25,6,0,0,48,47,0,1,4,0,0,0,0,0,0,0,23,0,15,149,0,2,0,0,0,1,0,194,0
1,0,5,0,32,89,27,15,1,0,15,197,0,1,2,0,0,0,0,1,0,0,157,0,2,367,3,1,0,0,0,1,0,183,0
1,1,2,1,31,141,23,4,0,0,39,13,0,1,0,0,0,0,0,2,0,0,270,0,1,165,0,6,0,0,0,1,0,243,0
1,0,0,0,35,141,25,2,1,0,9,165,0,1,2,0,0,0,0,1,0,0,130,0,1,299,0,1,0,0,0,1,0,256,0
1,1,1,3,32,141,0,1,0,0,38,42,0,1,2,0,0,0,0,1,0,0,236,0,14,130,3,2,0,0,0,1,0,247,0
1,1,2,1,32,87,25,2,0,0,47,97,0,1,1,0,0,0,0,1,0,0,302,0,16,76,0,6,0,0,0,1,0,140,0
1,1,2,1,32,87,25,2,0,0,47,97,0,1,1,0,0,0,0,1,0,0,302,0,16,76,0,6,0,0,0,1,0,140,0
1,1,2,1,32,87,25,2,0,0,47,97,0,1,1,0,0,0,0,1,0,0,302,0,16,76,0,6,0,0,0,1,0,140,0
1,1,4,2,7,141,0,7,1,0,61,26,0,1,2,0,0,0,0,2,0,0,272,0,13,247,3,7,0,0,0,1,0,1,0
1,0,0,0,5,87,22,3,1,0,25,173,0,0,2,0,0,0,0,1,0,0,61,0,0,402,0,1,0,0,0,1,0,0,0
1,1,4,2,4,80,25,28,1,0,14,26,0,1,2,0,0,0,0,2,0,0,50,0,13,235,0,7,0,0,0,1,0,230,0
1,0,5,0,0,87,0,8,1,0,5,145,0,1,2,0,0,0,0,1,0,0,324,0,1,389,0,1,0,0,0,1,0,1,0
1,1,1,3,32,141,25,3,0,0,21,46,0,1,2,0,0,0,0,2,0,0,194,0,1,272,0,2,0,0,0,1,0,1,0
1,1,2,1,31,131,0,3,0,0,59,22,0,1,1,0,0,0,0,2,0,0,288,0,7,16,3,6,0,0,0,1,0,78,0
1,1,2,1,31,131,0,3,0,0,59,22,0,1,1,0,0,0,0,2,0,0,288,0,7,16,3,6,0,0,0,1,0,78,0
1,1,2,1,31,131,0,3,0,0,59,22,0,1,1,0,0,0,0,2,0,0,288,0,7,16,3,6,0,0,0,1,0,78,0
1,1,1,3,0,141,25,2,0,0,55,41,0,1,4,0,0,0,0,0,0,0,357,0,1,162,0,2,0,0,0,1,0,205,0
1,2,3,4,32,121,0,3,1,0,36,0,0,1,4,0,1,0,0,2,0,0,323,0,0,1,0,8,0,0,1,1,0,1,0
1,1,4,2,5,1,22,3,1,0,58,25,0,1,2,0,0,0,0,2,0,0,43,0,18,230,0,7,0,0,0,1,0,284,0
1,1,1,3,38,141,0,6,0,0,48,47,0,1,2,0,0,0,0,2,0,0,23,0,5,178,0,2,0,0,0,1,0,55,0
1,1,4,2,5,141,21,5,1,0,42,35,0,1,2,0,0,0,0,1,0,0,63,0,17,224,0,7,0,0,0,1,0,262,0
1,1,1,3,29,141,0,2,0,0,46,39,0,1,2,0,0,0,0,2,0,0,368,0,14,139,0,2,0,0,0,1,0,126,0
1,1,2,1,32,1,0,3,0,0,19,2,0,1,4,0,0,0,0,2,0,0,252,0,1,225,0,6,0,0,0,1,0,176,0
1,1,4,2,32,161,0,3,1,0,61,26,0,1,2,0,0,0,0,1,0,0,154,0,1,247,0,7,0,0,0,1,0,1,0
1,1,4,2,32,141,0,10,1,0,61,26,0,1,2,0,0,0,0,1,0,0,332,0,3,247,0,7,0,0,0,1,0,1,0
1,0,5,0,19,141,27,2,2,0,31,213,0,1,2,0,0,0,0,1,0,0,162,0,1,279,0,4,0,0,0,1,0,113,0
1,0,5,0,27,141,24,10,1,0,32,86,0,1,2,0,0,0,0,1,0,0,36,0,1,258,0,5,0,0,0,1,0,273,0
1,1,1,3,4,155,0,1,0,0,21,60,0,1,2,0,0,0,0,2,0,0,25,0,1,251,0,2,0,0,0,1,0,0,0
1,1,4,2,12,91,17,6,1,0,14,27,0,1,2,0,0,0,0,2,0,0,23,0,3,193,0,7,0,0,0,1,0,215,0
1,1,4,2,19,1,0,7,1,0,60,105,0,0,2,0,0,0,0,0,0,0,255,0,12,154,0,7,0,0,0,1,0,201,0
1,2,3,4,4,88,23,26,1,0,36,0,0,1,4,0,1,1,0,2,0,0,164,0,0,0,0,8,0,0,1,1,0,0,0
1,1,1,3,4,143,25,6,0,0,21,60,0,1,2,0,0,0,0,1,0,0,23,0,14,252,0,2,0,0,0,1,0,1,0
1,1,4,2,32,121,0,3,1,0,58,25,0,1,2,0,0,0,0,2,0,0,419,0,19,230,0,7,0,0,0,1,0,284,0
1,1,4,2,32,141,25,13,1,0,42,35,0,0,2,0,0,0,0,0,0,0,30,0,12,224,0,7,0,0,0,1,0,262,0
1,1,2,1,32,17,0,6,0,0,19,10,0,1,4,0,0,0,0,2,0,0,23,0,14,171,0,6,0,0,0,1,0,109,0
1,1,2,1,5,1,22,3,0,0,21,0,0,1,4,0,0,0,0,2,0,0,252,0,0,0,0,6,0,0,0,1,0,0,0
1,1,2,1,32,141,27,3,0,0,39,91,0,1,1,0,0,0,0,2,0,0,152,0,1,36,0,6,0,0,0,1,0,52,0
1,1,2,1,32,141,27,3,0,0,39,91,0,1,1,0,0,0,0,2,0,0,152,0,1,36,0,6,0,0,0,1,0,52,0
1,1,2,1,32,141,27,3,0,0,39,91,0,1,1,0,0,0,0,2,0,0,152,0,1,36,0,6,0,0,0,1,0,52,0
1,1,4,2,32,162,25,2,1,0,42,35,0,1,2,0,0,0,0,2,0,0,159,0,0,224,0,7,0,0,0,1,0,262,0
1,0,0,0,32,141,0,19,1,0,25,183,0,0,2,0,0,0,0,1,0,0,380,0,19,208,0,1,0,0,0,1,0,1,0
1,1,2,1,5,141,22,3,0,0,2,4,0,1,4,0,0,0,0,2,0,0,118,0,12,85,0,6,0,0,0,1,0,146,0
1,1,1,3,38,141,0,6,0,0,48,47,0,1,4,0,0,0,0,2,0,0,23,0,5,178,0,2,0,0,0,1,0,55,0
1,2,3,4,32,99,23,21,1,0,35,58,0,1,4,0,1,0,0,0,0,0,40,0,1,83,0,8,0,0,1,1,0,236,0
1,1,1,3,34,141,26,1,0,0,21,0,0,1,2,0,0,0,0,1,0,0,236,0,13,211,3,2,0,0,0,1,0,1,0
1,1,4,2,0,112,0,52,1,0,61,26,0,1,2,0,0,0,0,2,0,0,90,0,18,247,0,7,0,0,0,1,0,0,0
1,0,0,0,32,32,25,54,1,0,25,154,0,0,2,0,0,5,0,0,0,0,231,0,1,305,0,1,0,0,0,1,0,139,0
1,0,0,0,0,141,0,17,1,0,26,82,0,1,2,0,0,0,0,2,0,0,292,0,12,257,0,5,0,0,0,1,0,259,0
1,1,4,2,3,1,15,3,1,0,57,61,0,1,2,0,0,0,0,1,0,0,252,0,1,134,0,7,0,0,0,1,0,277,0
1,1,1,3,32,89,25,5,0,0,63,39,0,1,4,0,0,0,0,0,0,0,94,0,10,238,0,2,0,0,0,1,0,1,0
1,1,1,3,32,89,25,5,0,0,63,39,0,1,4,0,0,0,0,0,0,0,94,0,11,238,0,2,0,0,0,1,0,1,0
1,0,0,0,32,141,23,13,1,0,7,52,0,1,2,0,0,0,0,2,0,0,304,0,1,96,0,1,0,0,0,1,0,21,0
1,2,3,4,5,122,11,3,1,0,36,0,0,1,2,0,1,0,0,1,0,0,135,0,0,0,0,8,0,0,1,1,0,0,0
1,0,5,0,31,141,0,6,2,0,32,214,0,1,2,0,0,0,0,1,0,0,23,0,1,159,0,4,0,0,0,1,0,154,0
1,2,3,4,0,141,0,3,1,0,36,0,0,1,4,0,1,0,0,2,0,0,359,0,0,0,0,8,0,0,1,1,0,0,0
1,1,2,1,27,118,0,3,0,0,19,2,0,0,1,0,0,0,0,2,0,0,330,0,8,225,3,6,0,0,0,1,0,176,0
1,1,2,1,27,118,0,3,0,0,19,2,0,0,1,0,0,0,0,2,0,0,330,0,8,225,3,6,0,0,0,1,0,176,0
1,1,2,1,27,118,0,3,0,0,19,2,0,0,1,0,0,0,0,2,0,0,330,0,8,225,3,6,0,0,0,1,0,176,0
1,2,3,4,32,141,0,10,1,0,36,0,0,0,4,0,1,0,0,0,0,0,214,0,0,1,0,8,0,0,1,1,0,1,0
1,1,1,3,6,26,0,20,0,0,21,0,0,1,4,0,0,0,0,1,0,0,75,0,0,286,0,2,0,0,0,1,0,0,0
1,1,4,2,19,141,0,5,1,0,56,25,0,0,2,0,0,0,0,1,0,0,158,0,1,172,0,7,0,0,0,1,0,61,0
1,0,5,0,5,88,21,9,1,0,25,0,0,1,3,0,0,0,0,2,0,0,92,0,0,61,0,1,0,0,0,1,0,0,0
1,1,2,1,5,141,22,3,0,0,47,98,0,0,1,0,0,0,0,2,0,0,49,0,0,35,0,6,0,0,0,1,0,38,0
1,1,2,1,5,141,22,3,0,0,47,98,0,0,1,0,0,0,0,2,0,0,49,0,0,35,0,6,0,0,0,1,0,38,0
1,1,2,1,5,141,22,3,0,0,47,98,0,0,1,0,0,0,0,2,0,0,49,0,0,35,0,6,0,0,0,1,0,38,0
1,1,4,2,0,111,0,27,1,0,42,35,0,1,2,0,0,0,0,1,0,0,80,0,1,224,0,7,0,0,0,1,0,262,0
1,0,0,0,32,141,0,3,1,0,44,0,0,1,4,0,0,0,0,2,0,0,83,0,1,66,3,0,0,0,0,1,0,196,0
1,0,5,0,0,89,0,7,1,0,9,69,0,1,2,0,0,0,0,2,0,0,117,0,13,458,0,1,0,0,0,1,0,22,0
1,0,0,0,19,88,0,9,1,0,7,178,0,0,2,0,0,1,0,2,0,0,92,0,14,320,0,1,0,0,0,1,0,6,0
1,0,5,0,0,85,0,4,2,0,31,213,0,1,2,0,0,0,0,2,0,0,142,0,16,269,0,4,0,0,0,1,0,166,0
1,0,0,0,34,38,25,65,1,0,29,85,0,1,2,0,0,0,0,1,0,0,50,0,0,277,0,5,0,0,0,1,0,51,0
1,1,4,2,32,141,0,6,1,0,42,35,0,1,2,0,0,0,0,1,0,0,23,0,0,224,0,7,0,0,0,1,0,262,0
1,1,4,2,32,87,0,8,1,0,58,105,0,1,2,0,0,0,0,0,0,0,51,0,0,107,0,7,0,0,0,1,0,98,0
1,1,4,2,32,87,0,1,1,0,42,35,0,1,2,0,0,0,0,1,0,0,300,0,12,224,0,7,0,0,0,1,0,262,0
1,0,0,0,0,1,23,5,2,0,29,212,0,1,2,0,0,0,0,1,0,0,129,0,1,255,0,4,0,0,0,1,0,141,0
1,0,0,0,32,141,25,13,1,0,25,206,0,1,2,0,0,0,0,2,0,0,259,0,1,381,0,1,0,0,0,1,0,0,0
1,1,4,2,31,141,0,6,1,0,61,26,0,1,2,0,0,0,0,2,0,0,23,0,4,247,3,7,0,0,0,1,0,1,0
1,1,4,2,5,89,11,18,1,0,42,35,0,1,2,0,0,0,0,2,0,0,163,0,1,224,0,7,0,0,0,1,0,262,0
1,1,1,3,19,141,0,1,0,0,23,42,0,0,4,0,0,0,0,1,0,0,25,0,1,263,0,2,0,0,0,1,0,0,0
1,1,2,1,32,87,0,8,0,0,21,0,0,0,4,0,0,0,0,0,0,0,51,0,12,1,0,6,0,0,0,1,0,1,0
1,1,1,3,32,141,0,6,0,0,51,45,0,1,2,0,0,0,0,2,0,0,23,0,12,157,0,2,0,0,0,1,0,208,0
1,1,2,1,34,8,0,56,0,0,55,100,0,1,0,0,0,0,0,2,0,0,50,0,0,202,0,6,0,0,0,1,0,17,0
1,0,0,0,32,87,0,3,1,0,25,208,0,1,2,0,0,0,0,2,0,0,276,0,12,452,0,1,0,0,0,1,0,0,0
1,0,0,0,19,141,0,2,1,0,25,67,0,0,2,0,0,0,0,1,0,0,22,0,1,372,0,1,0,0,0,1,0,231,0
1,2,3,4,34,28,25,21,1,0,36,0,0,1,4,0,1,1,0,2,0,0,40,0,0,0,0,8,0,0,1,1,0,0,0
1,1,1,3,12,17,8,4,0,0,37,43,0,1,4,0,0,0,0,1,0,0,389,0,1,145,0,2,0,0,0,1,0,117,0
1,1,4,2,32,141,0,7,1,0,58,25,0,1,2,0,0,0,0,1,0,0,256,0,12,230,0,7,0,0,0,1,0,284,0
1,0,0,0,35,114,0,53,1,0,25,127,0,1,2,0,0,5,0,2,0,0,231,0,1,346,0,1,0,0,0,1,0,0,0
1,1,4,2,32,135,0,18,1,0,58,105,0,1,2,0,0,0,0,1,0,0,345,0,1,107,0,7,0,0,0,1,0,98,0
1,1,4,2,32,15,0,17,1,0,61,26,0,1,2,0,0,0,0,0,0,0,167,0,19,247,0,7,0,0,0,1,0,1,0
1,2,3,4,0,162,0,2,1,0,36,0,0,1,1,0,1,0,0,2,0,0,400,0,0,0,0,8,0,0,1,1,0,0,0
1,1,2,1,27,118,0,3,0,0,19,2,0,0,4,0,0,0,0,1,0,0,165,0,8,225,3,6,0,0,0,1,0,176,0
1,0,0,0,0,87,19,6,1,0,25,122,0,1,3,0,0,0,0,1,0,0,23,0,12,378,0,1,0,0,0,1,0,0,0
1,0,5,0,12,141,17,5,1,0,1,110,0,1,3,0,0,0,0,1,0,0,244,0,15,344,0,1,0,0,0,1,0,222,0
1,0,0,0,32,88,25,9,1,0,25,193,0,1,2,0,0,1,0,0,0,0,92,0,14,443,0,1,0,0,0,1,0,1,0
1,1,1,3,32,1,25,1,0,0,37,43,0,1,4,0,0,0,0,2,0,0,236,0,14,145,0,2,0,0,0,1,0,117,0
1,1,1,3,32,1,25,1,0,0,37,43,0,1,4,0,0,0,0,2,0,0,236,0,14,145,0,2,0,0,0,1,0,117,0
1,1,1,3,3,36,10,41,0,0,64,42,0,1,2,0,0,0,0,1,0,0,166,0,14,148,0,2,0,0,0,1,0,242,0
1,1,2,1,32,87,27,3,0,0,21,109,0,1,4,0,0,0,0,0,0,0,67,0,0,245,0,6,0,0,0,1,0,1,0
1,1,4,2,3,74,14,59,1,0,60,28,0,1,2,0,0,0,0,0,0,0,2,0,1,195,2,7,0,0,0,1,0,198,0
1,2,3,4,0,162,0,2,1,0,36,0,0,1,4,0,1,0,0,1,0,0,400,0,0,0,0,8,0,0,1,1,0,0,0
1,1,4,2,32,141,0,6,1,0,42,35,0,1,2,0,0,0,0,2,0,0,23,0,14,224,0,7,0,0,0,1,0,262,0
1,2,3,4,0,89,0,7,1,0,36,0,0,1,4,0,1,0,0,1,0,0,272,0,0,1,0,8,0,0,1,1,0,1,0
1,1,4,2,34,33,25,4,1,0,14,27,0,1,2,0,0,0,0,2,0,0,399,0,15,193,0,7,0,0,0,1,0,215,0
1,1,4,2,32,141,25,7,1,0,14,26,0,1,2,0,0,0,0,2,0,0,53,0,14,235,0,7,0,0,0,1,0,230,0
1,1,4,2,19,141,0,7,1,0,60,28,0,0,2,0,0,0,0,2,0,0,226,0,12,195,0,7,0,0,0,1,0,198,0
1,1,4,2,19,141,0,2,1,0,42,35,0,0,2,0,0,0,0,1,0,0,149,0,1,224,0,7,0,0,0,1,0,262,0
1,0,0,0,27,145,0,1,1,0,25,210,0,1,2,0,0,0,0,2,0,0,300,0,14,395,0,1,0,0,0,1,0,1,0
1,0,0,0,32,1,0,5,1,0,9,84,0,1,2,0,0,0,0,2,0,0,303,0,1,8,0,1,0,0,0,1,0,217,0
1,0,0,0,34,92,25,23,1,0,2,51,0,1,2,0,0,1,0,2,0,0,34,0,18,298,0,1,0,0,0,1,0,228,0
1,2,3,4,31,142,23,4,1,0,36,0,0,1,1,0,1,0,0,2,0,0,271,0,0,0,0,8,0,0,1,1,0,0,0
1,1,4,2,8,140,0,13,1,0,42,35,0,1,2,0,0,0,0,1,0,0,30,0,14,224,0,7,0,0,0,1,0,262,0
1,1,4,2,34,62,25,3,1,0,14,29,0,1,2,0,0,0,0,2,0,0,172,0,18,216,0,7,0,0,0,1,0,30,0
1,0,5,0,32,87,0,3,1,0,25,114,0,1,2,0,0,0,0,1,0,0,204,0,1,376,0,1,0,0,0,1,0,0,0
1,1,4,2,5,35,21,31,1,0,42,35,0,1,2,0,0,0,0,2,0,0,20,0,12,224,0,7,0,0,0,1,0,262,0
1,0,0,0,19,89,0,13,1,0,5,118,0,0,2,0,0,0,0,2,0,0,30,0,16,396,0,1,0,0,0,1,0,32,0
1,0,0,0,19,87,0,7,1,0,29,79,0,0,2,0,0,0,0,1,0,0,188,0,1,449,0,3,0,0,0,1,0,150,0
1,1,1,3,19,158,0,1,0,0,23,42,0,0,2,0,0,0,0,2,0,0,300,0,1,250,0,2,0,0,0,1,0,1,0
1,0,5,0,32,162,0,2,1,0,25,65,0,0,2,0,0,0,0,2,0,0,105,0,16,340,0,1,0,0,0,1,0,122,0
1,1,1,3,31,25,0,21,0,0,18,44,0,1,2,0,0,5,0,1,0,0,40,0,1,144,0,2,0,0,0,1,0,187,0
1,1,4,2,32,141,0,1,1,0,61,61,0,1,2,0,0,0,0,0,0,0,236,0,15,227,0,7,0,0,0,1,0,1,0
1,0,0,0,0,1,20,4,1,0,25,203,0,1,3,0,0,0,0,1,0,0,29,0,0,409,0,1,0,0,0,1,0,239,0
1,1,4,2,34,116,0,6,1,0,58,25,0,1,2,0,0,0,0,2,0,0,23,0,12,230,0,7,0,0,0,1,0,284,0
1,1,4,2,31,82,0,2,1,0,61,61,0,1,2,0,0,5,0,2,0,0,196,0,5,246,0,7,0,0,0,1,0,1,0
1,0,0,0,32,89,0,5,1,0,25,67,0,1,2,0,0,0,0,0,0,0,418,0,12,423,0,1,0,0,0,1,0,233,0
1,1,1,3,19,141,0,4,0,0,18,44,0,1,2,0,0,0,0,1,0,0,122,0,15,144,0,2,0,0,0,1,0,187,0
1,1,4,2,34,144,0,7,1,0,58,25,0,1,2,0,0,0,0,2,0,0,356,0,9,230,0,7,0,0,0,1,0,284,0
1,1,4,2,35,3,0,62,1,0,14,26,0,1,2,0,0,0,0,0,0,0,9,0,13,235,0,7,0,0,0,1,0,230,0
1,1,1,3,29,141,4,4,0,0,23,42,0,1,4,0,0,0,0,0,0,0,91,0,1,89,0,2,0,0,0,1,0,0,0
1,1,1,3,29,141,4,4,0,0,23,42,0,1,4,0,0,0,0,0,0,0,91,0,1,89,0,2,0,0,0,1,0,0,0
1,1,1,3,18,141,6,6,0,0,22,76,0,1,2,0,0,0,0,1,0,0,23,0,0,268,0,2,0,0,0,1,0,0,0
1,0,0,0,32,44,25,38,1,0,25,52,0,1,2,0,0,0,0,0,0,0,406,0,15,51,0,1,0,0,0,1,0,19,0
1,1,4,2,19,88,0,25,1,0,14,27,0,1,2,0,0,0,0,1,0,0,153,0,1,119,0,7,0,0,0,1,0,179,0
1,0,0,0,32,141,23,4,1,0,25,148,0,1,2,0,0,0,0,2,0,0,128,0,0,306,0,1,0,0,0,1,0,0,0
1,1,1,3,5,15,15,1,0,0,23,42,0,1,4,0,0,0,0,1,0,0,25,0,15,152,0,2,0,0,0,1,0,1,0
1,1,1,3,34,141,25,3,0,0,22,43,0,1,2,0,0,0,0,2,0,0,421,0,1,248,0,2,0,0,0,1,0,1,0
1,0,0,0,32,141,0,6,1,0,14,176,0,1,2,0,0,0,0,2,0,0,23,0,12,56,0,1,0,0,0,1,0,0,0
1,1,1,3,4,55,0,64,0,0,47,40,0,1,2,0,0,5,0,2,0,0,54,0,1,141,0,2,0,0,0,1,0,212,0
1,1,1,3,27,15,0,17,0,0,21,44,0,1,4,0,0,0,0,1,0,0,305,0,14,82,0,2,0,0,0,1,0,1,0
1,1,4,2,32,161,0,3,1,0,60,26,0,1,2,0,0,0,0,1,0,0,360,0,15,128,0,7,0,0,0,1,0,62,0
1,1,4,2,32,141,0,7,1,0,42,35,0,1,2,0,0,0,0,1,0,0,382,0,0,224,0,7,0,0,0,1,0,262,0
1,1,4,2,0,1,0,6,1,0,58,25,0,1,2,0,0,0,0,1,0,0,23,0,16,230,0,7,0,0,0,1,0,284,0
1,1,4,2,0,141,27,4,1,0,58,26,0,0,2,0,0,0,0,0,0,0,403,0,16,206,0,7,0,0,0,1,0,1,0
1,1,2,1,32,121,25,3,0,0,20,90,0,0,0,0,0,0,0,1,0,0,419,0,13,196,0,6,0,0,0,1,0,118,0
1,1,2,1,34,141,25,3,0,0,39,93,0,1,0,0,0,0,0,1,0,0,333,0,1,124,0,6,0,0,0,1,0,240,0
1,1,1,3,32,65,0,7,0,0,18,43,0,1,2,0,0,0,0,1,0,0,334,0,15,192,0,2,0,0,0,1,0,258,0
1,0,5,0,32,89,23,6,1,0,16,84,0,1,2,0,0,0,0,2,0,0,23,0,1,24,0,1,0,0,0,1,0,276,0
1,0,5,0,32,158,7,1,1,0,25,124,0,0,2,0,0,0,0,2,0,0,25,0,13,349,0,1,0,0,0,1,0,1,0
1,0,0,0,0,27,20,39,1,0,25,115,0,1,3,0,0,0,0,1,0,0,18,0,12,397,0,1,0,0,0,1,0,1,0
1,1,1,3,34,106,25,36,0,0,18,44,0,1,2,0,0,0,0,2,0,0,32,0,16,144,0,2,0,0,0,1,0,187,0
1,0,0,0,34,73,0,2,1,0,25,200,0,1,2,0,0,0,0,2,0,0,104,0,1,69,0,1,0,0,0,1,0,1,0
1,1,4,2,27,15,0,18,1,0,43,35,0,0,2,0,0,0,0,1,0,0,229,0,7,189,3,7,0,0,0,1,0,145,0
1,1,2,1,31,1,0,6,0,0,21,92,0,1,0,0,0,0,0,0,0,0,23,0,1,249,0,6,0,0,0,1,0,1,0
1,0,0,0,34,113,0,64,1,0,15,152,0,1,2,0,0,0,0,1,0,0,54,0,1,380,0,1,0,0,0,1,0,107,0
1,0,0,0,31,85,0,6,1,0,7,147,0,1,2,0,0,0,0,1,0,0,23,0,2,292,3,1,0,0,0,1,0,229,0
1,0,0,0,34,88,25,32,1,0,7,177,0,1,2,0,0,1,0,1,0,0,379,0,1,338,0,1,0,0,0,1,0,0,0
1,0,0,0,19,122,0,3,1,0,9,50,0,1,2,0,0,0,0,1,0,0,161,0,14,446,0,1,0,0,0,1,0,250,0
1,2,3,4,32,162,25,2,1,0,36,0,0,1,4,0,1,0,0,2,0,0,178,0,0,0,0,8,0,0,1,1,0,0,0
1,1,2,1,32,1,0,6,0,0,47,6,0,1,4,0,0,0,0,2,0,0,23,0,9,90,3,6,0,0,0,1,0,3,0
1,0,0,0,34,98,0,5,1,0,25,187,0,1,2,0,0,0,0,0,0,0,290,0,12,308,0,1,0,0,0,1,0,0,0
1,1,2,1,31,1,0,6,0,0,21,92,0,1,4,0,0,0,0,1,0,0,23,0,1,249,0,6,0,0,0,1,0,1,0
1,0,0,0,5,141,11,7,1,0,25,52,0,0,2,0,0,0,0,2,0,0,273,0,0,297,0,1,0,0,0,1,0,188,0
1,2,3,4,0,161,27,3,1,0,36,0,0,1,4,0,1,0,0,1,0,0,295,0,0,0,0,8,0,0,1,1,0,0,0
1,1,2,1,32,2,0,68,0,0,39,92,0,1,4,0,0,0,0,2,0,0,11,0,12,115,0,6,0,0,0,1,0,167,0
1,1,2,1,19,158,0,2,0,0,21,0,0,0,4,0,0,0,0,1,0,0,413,0,12,1,0,6,0,0,0,1,0,1,0
1,0,0,0,32,87,0,18,1,0,5,36,0,0,2,0,0,0,0,2,0,0,193,0,0,63,0,1,0,0,0,1,0,120,0
1,1,4,2,32,162,7,2,1,0,42,35,0,1,2,0,0,0,0,0,0,0,22,0,16,224,0,7,0,0,0,1,0,262,0
1,0,0,0,0,1,0,1,1,0,26,82,0,1,2,0,0,0,0,1,0,0,300,0,1,265,0,5,0,0,0,1,0,110,0
1,0,0,0,12,93,9,6,1,0,25,179,0,1,2,0,0,0,0,1,0,0,23,0,14,70,0,1,0,0,0,1,0,1,0
1,1,4,2,0,141,0,3,1,0,61,49,0,1,2,0,0,0,0,1,0,0,61,0,16,243,0,7,0,0,0,1,0,1,0
1,0,0,0,0,141,19,19,1,0,25,131,0,1,3,0,0,0,0,2,0,0,296,0,0,50,0,1,0,0,0,1,0,253,0
1,0,0,0,32,1,25,3,1,0,25,127,0,1,2,0,0,0,0,2,0,0,43,0,12,335,0,1,0,0,0,1,0,1,0
1,1,4,2,23,141,22,4,1,0,42,35,0,1,2,0,0,0,0,1,0,0,268,0,0,224,0,7,0,0,0,1,0,262,0
1,0,5,0,19,141,0,15,1,0,9,52,0,0,2,0,0,0,0,1,0,0,352,0,14,11,0,1,0,0,0,1,0,223,0
1,1,4,2,0,161,0,4,1,0,58,26,0,1,2,0,0,0,0,0,0,0,81,0,14,206,0,7,0,0,0,1,0,1,0
1,1,4,2,32,141,27,4,1,0,61,26,0,1,2,0,0,0,0,1,0,0,219,0,13,247,0,7,0,0,0,1,0,1,0
1,1,4,2,27,128,0,6,1,0,58,28,0,1,2,0,0,5,0,2,0,0,23,0,14,113,0,7,0,0,0,1,0,37,0
1,0,5,0,31,141,0,4,1,0,25,84,0,1,2,0,0,0,0,1,0,0,145,0,13,18,0,1,0,0,0,1,0,1,0
1,0,0,0,5,1,22,7,1,0,33,82,0,1,2,0,0,0,0,2,0,0,53,0,15,53,0,5,0,0,0,1,0,49,0
1,1,1,3,32,1,0,1,0,0,23,42,0,1,2,0,0,0,0,1,0,0,236,0,16,270,0,2,0,0,0,1,0,1,0
1,0,0,0,12,1,17,7,1,0,10,188,0,1,3,0,0,0,0,1,0,0,53,0,0,303,0,1,0,0,0,1,0,158,0
1,1,4,2,19,12,0,71,1,0,61,26,0,0,2,0,0,0,0,1,0,0,4,0,0,247,0,7,0,0,0,1,0,0,0
1,0,0,0,20,76,4,64,1,0,9,53,0,1,2,0,0,5,0,2,0,0,54,0,1,341,0,1,0,0,0,1,0,184,0
1,1,2,1,19,88,0,24,0,0,50,108,0,1,1,0,0,1,0,2,0,0,395,0,0,140,0,6,0,0,0,1,0,286,0
1,1,2,1,19,88,0,24,0,0,50,108,0,1,1,0,0,1,0,2,0,0,395,0,0,140,0,6,0,0,0,1,0,286,0
1,1,2,1,19,88,0,24,0,0,50,108,0,1,1,0,0,1,0,2,0,0,395,0,0,140,0,6,0,0,0,1,0,286,0
1,1,2,1,19,88,0,24,0,0,50,108,0,1,1,0,0,1,0,2,0,0,395,0,0,140,0,6,0,0,0,1,0,286,0
1,1,4,2,0,162,0,2,1,0,58,37,0,1,2,0,0,0,0,1,0,0,202,0,1,239,0,7,0,0,0,1,0,0,0
1,2,3,4,32,141,0,3,1,0,36,0,0,1,2,0,1,0,0,2,0,0,134,0,0,0,0,8,0,0,1,1,0,0,0
1,0,5,0,32,162,23,2,1,0,25,172,0,1,2,0,0,0,0,0,0,0,318,0,1,352,0,1,0,0,0,1,0,1,0
1,0,0,0,32,141,25,11,1,0,6,64,0,1,2,0,0,0,0,2,0,0,338,0,1,316,0,1,0,0,0,1,0,165,0
1,2,3,4,31,141,0,3,1,0,36,0,0,1,1,0,1,0,0,2,0,0,116,0,0,0,0,8,0,0,1,1,0,0,0
1,1,4,2,34,109,0,4,1,0,14,29,0,1,2,0,0,5,0,2,0,0,254,0,15,216,0,7,0,0,0,1,0,30,0
1,1,4,2,31,108,0,28,1,0,61,49,0,1,2,0,0,0,0,1,0,0,50,0,0,243,0,7,0,0,0,1,0,0,0
1,0,0,0,0,1,4,5,1,0,25,201,0,1,2,0,0,5,0,2,0,0,286,0,1,422,0,1,0,0,0,1,0,0,0
1,1,1,3,32,141,7,8,0,0,23,47,0,1,2,0,0,0,0,0,0,0,51,0,1,72,0,2,0,0,0,1,0,0,0
1,0,0,0,32,17,23,6,1,0,25,118,0,1,2,0,0,0,0,1,0,0,23,0,1,375,0,1,0,0,0,1,0,0,0
1,0,0,0,32,109,25,8,1,0,9,51,0,0,2,0,0,0,0,2,0,0,324,0,0,336,0,1,0,0,0,1,0,102,0
1,1,2,1,31,162,0,2,0,0,47,103,0,1,4,0,0,0,0,1,0,0,302,0,1,78,0,6,0,0,0,1,0,151,0
1,1,4,2,32,141,0,6,1,0,14,29,0,1,2,0,0,0,0,1,0,0,23,0,12,135,0,7,0,0,0,1,0,29,0
1,0,0,0,19,161,0,3,1,0,5,114,0,0,2,0,0,0,0,2,0,0,246,0,1,347,0,1,0,0,0,1,0,164,0
1,0,0,0,32,87,27,4,1,0,25,149,0,1,2,0,0,0,0,1,0,0,55,0,1,342,0,1,0,0,0,1,0,0,0
1,1,4,2,12,93,17,6,1,0,58,35,0,1,2,0,0,0,0,0,0,0,23,0,15,185,3,7,0,0,0,1,0,169,0
1,1,2,1,6,82,0,3,0,0,12,12,0,0,0,0,0,0,0,2,0,0,299,0,12,217,0,6,0,0,0,1,0,133,0
1,1,4,2,0,89,27,5,1,0,58,25,0,1,2,0,0,0,0,1,0,0,45,0,14,177,3,7,0,0,0,1,0,57,0
1,2,3,4,0,87,0,17,1,0,36,0,0,1,4,0,1,0,0,2,0,0,239,0,0,1,0,8,0,0,1,1,0,1,0
1,1,2,1,32,1,11,10,0,0,21,0,0,1,4,0,0,0,0,1,0,0,198,0,14,1,3,6,0,0,0,1,0,1,0
1,1,4,2,19,98,0,5,1,0,60,28,0,0,2,0,0,0,0,1,0,0,63,0,1,195,0,7,0,0,0,1,0,198,0
1,0,0,0,0,72,0,55,1,0,25,164,0,1,2,0,0,9,0,2,0,0,100,0,1,430,0,1,0,0,0,1,0,0,0
1,1,4,2,34,82,0,2,1,0,58,37,0,1,2,0,0,0,0,1,0,0,220,0,14,239,0,7,0,0,0,1,0,1,0
1,1,4,2,13,21,25,6,1,0,58,25,0,1,2,0,0,0,0,2,0,0,23,0,19,230,3,7,0,0,0,1,0,284,0
1,0,0,0,32,66,0,3,1,0,25,151,0,1,2,0,0,0,0,1,0,0,359,0,12,403,0,1,0,0,0,1,0,0,0
1,1,4,2,5,122,11,3,1,0,61,26,0,1,2,0,0,0,0,1,0,0,112,0,18,247,0,7,0,0,0,1,0,1,0
1,1,4,2,19,96,2,40,1,0,42,35,0,0,2,0,0,0,0,2,0,0,133,0,1,224,0,7,0,0,0,1,0,262,0
1,1,2,1,19,161,27,3,0,0,21,7,0,1,2,0,0,0,0,2,0,0,95,0,12,58,0,6,0,0,0,1,0,156,0
1,1,2,1,0,87,4,2,0,0,21,80,0,1,0,0,0,7,0,1,0,0,317,0,1,65,0,6,0,0,0,1,0,0,0
1,1,2,1,19,161,27,3,0,0,21,7,0,1,2,0,0,0,0,2,0,0,95,0,12,58,0,6,0,0,0,1,0,156,0
1,1,2,1,19,161,27,3,0,0,21,7,0,1,2,0,0,0,0,2,0,0,95,0,12,58,0,6,0,0,0,1,0,156,0
1,0,0,0,32,89,25,18,1,0,25,142,0,1,2,0,0,0,0,1,0,0,370,0,17,431,3,1,0,0,0,1,0,1,0
1,2,3,4,29,161,23,4,1,0,36,0,0,1,4,0,1,0,0,1,0,0,180,0,0,1,0,8,0,0,1,1,0,1,0
1,1,1,3,31,141,0,7,0,0,21,46,0,1,2,0,0,0,0,1,0,0,293,0,1,266,0,2,0,0,0,1,0,0,0
1,1,2,1,19,161,27,3,0,0,21,7,0,0,0,0,0,0,0,2,0,0,95,0,12,58,0,6,0,0,0,1,0,156,0
1,2,3,4,32,1,27,5,1,0,36,0,0,0,4,0,1,0,0,1,0,0,66,0,0,0,0,8,0,0,1,1,0,0,0
1,0,0,0,32,141,0,6,1,0,2,152,0,1,2,0,0,0,0,1,0,0,23,0,12,288,0,1,0,0,0,1,0,185,0
1,1,4,2,32,141,23,3,1,0,61,49,0,1,2,0,0,0,0,2,0,0,182,0,14,243,0,7,0,0,0,1,0,1,0
1,2,3,4,0,89,0,10,1,0,36,0,0,1,1,0,1,0,0,2,0,0,44,0,0,0,0,8,0,0,1,1,0,0,0
1,1,4,2,32,46,0,0,1,0,42,62,0,1,2,0,0,0,0,0,0,0,7,0,17,237,0,7,0,0,0,1,0,224,0
1,0,0,0,19,141,0,6,1,0,26,82,0,0,2,0,0,0,0,2,0,0,23,0,1,27,0,5,0,0,0,1,0,163,0
1,1,4,2,5,141,15,2,1,0,43,26,0,1,2,0,0,0,0,2,0,0,37,0,3,241,0,7,0,0,0,1,0,1,0
1,0,0,0,0,87,0,3,1,0,14,141,0,1,2,0,0,0,0,1,0,0,249,0,12,419,0,1,0,0,0,1,0,70,0
1,1,4,2,14,141,0,2,1,0,55,25,0,0,2,0,0,0,0,2,0,0,344,0,14,176,0,7,0,0,0,1,0,264,0
1,0,0,0,3,141,7,10,1,0,9,0,0,1,2,0,0,0,0,1,0,0,217,0,2,104,0,1,0,0,0,1,0,227,0
1,1,1,3,31,141,0,2,0,0,21,0,0,1,4,0,0,0,0,2,0,0,374,0,0,455,0,2,0,0,0,1,0,1,0
1,1,1,3,31,141,0,2,0,0,21,0,0,1,4,0,0,0,0,2,0,0,374,0,1,455,0,2,0,0,0,1,0,1,0
1,0,5,0,0,89,0,7,1,0,9,69,0,1,2,0,0,0,0,0,0,0,117,0,13,458,0,1,0,0,0,1,0,22,0
1,1,4,2,9,70,0,7,1,0,14,29,0,1,2,0,0,5,0,1,0,0,224,0,13,216,3,7,0,0,0,1,0,30,0
1,1,2,1,0,87,4,2,0,0,21,80,0,1,1,0,0,7,0,2,0,0,317,0,1,65,0,6,0,0,0,1,0,0,0
1,1,2,1,0,87,4,2,0,0,21,80,0,1,1,0,0,7,0,2,0,0,317,0,1,65,0,6,0,0,0,1,0,119,0
1,1,2,1,0,87,4,2,0,0,21,80,0,1,1,0,0,7,0,2,0,0,317,0,1,65,0,6,0,0,0,1,0,119,0
1,1,4,2,12,162,17,2,1,0,60,105,0,1,2,0,0,0,0,1,0,0,22,0,7,154,0,7,0,0,0,1,0,201,0
1,0,5,0,32,141,25,17,1,0,25,36,0,1,2,0,0,0,0,1,0,0,248,0,13,73,3,1,0,0,0,1,0,82,0
1,1,4,2,31,141,23,4,1,0,61,26,0,1,2,0,0,0,0,1,0,0,383,0,13,247,0,7,0,0,0,1,0,1,0
1,1,1,3,19,87,0,1,0,0,37,43,0,0,2,0,0,0,0,1,0,0,25,0,0,145,0,2,0,0,0,1,0,117,0
1,1,2,1,32,121,25,3,0,0,20,90,0,0,4,0,0,0,0,2,0,0,419,0,13,196,0,6,0,0,0,1,0,118,0
1,0,5,0,32,39,0,3,1,0,5,117,0,1,2,0,0,0,0,2,0,0,21,0,18,360,0,1,0,0,0,1,0,210,0
1,1,4,2,5,99,21,6,1,0,61,33,0,1,2,0,0,0,0,2,0,0,23,0,8,232,0,7,0,0,0,1,0,1,0
1,1,4,2,32,141,0,3,1,0,14,26,0,1,2,0,0,0,0,1,0,0,316,0,10,235,0,7,0,0,0,1,0,230,0
1,1,1,3,32,1,23,3,0,0,23,42,0,1,2,0,0,0,0,1,0,0,109,0,0,151,0,2,0,0,0,1,0,0,0
1,1,2,1,32,141,0,3,0,0,21,0,0,0,4,0,0,0,0,2,0,0,78,0,12,1,0,6,0,0,0,1,0,1,0
1,1,2,1,1,141,20,3,0,0,39,10,0,1,0,0,0,0,0,0,0,0,118,0,1,187,3,6,0,0,0,1,0,282,0
1,1,4,2,34,10,0,6,1,0,14,29,0,1,2,0,0,0,0,2,0,0,23,0,13,216,3,7,0,0,0,1,0,30,0
1,0,5,0,19,141,0,6,1,0,14,166,0,0,2,0,0,0,0,2,0,0,23,0,1,287,0,1,0,0,0,1,0,138,0
1,0,0,0,32,141,0,2,1,0,5,107,0,1,2,0,0,0,0,1,0,0,37,0,20,454,0,1,0,0,0,1,0,114,0
1,1,2,1,31,75,0,2,0,0,21,0,0,1,4,0,0,0,0,2,0,0,310,0,16,1,0,6,0,0,0,1,0,1,0
1,1,1,3,13,122,18,1,0,0,61,41,0,1,4,0,0,0,0,2,0,0,300,0,15,231,0,2,0,0,0,1,0,1,0
1,2,3,4,31,141,0,5,1,0,36,0,0,1,4,0,1,0,0,2,0,0,76,0,0,1,0,8,0,0,1,1,0,0,0
1,1,2,1,31,141,23,4,0,0,39,13,0,1,1,0,0,0,0,0,0,0,270,0,1,165,0,6,0,0,0,1,0,243,0
1,0,0,0,32,91,27,6,1,0,25,191,0,1,2,0,0,0,0,1,0,0,23,0,1,392,0,1,0,0,0,1,0,60,0
1,1,2,1,31,141,23,4,0,0,39,13,0,1,1,0,0,0,0,0,0,0,270,0,1,165,0,6,0,0,0,1,0,243,0
1,1,2,1,31,141,23,4,0,0,39,13,0,1,1,0,0,0,0,0,0,0,270,0,1,165,0,6,0,0,0,1,0,243,0
1,0,5,0,38,99,4,3,1,0,25,137,0,1,2,0,0,0,0,1,0,0,190,0,6,391,0,1,0,0,0,1,0,261,0
1,1,2,1,32,87,0,8,0,0,21,15,0,0,1,0,0,0,0,1,0,0,51,0,14,210,0,6,0,0,0,1,0,1,0
1,1,2,1,32,87,0,8,0,0,21,15,0,0,1,0,0,0,0,1,0,0,51,0,14,210,0,6,0,0,0,1,0,1,0
1,1,2,1,32,87,0,8,0,0,21,15,0,0,1,0,0,0,0,1,0,0,51,0,14,210,0,6,0,0,0,1,0,1,0
1,1,2,1,31,85,23,6,0,0,19,2,0,1,1,0,0,0,0,2,0,0,23,0,0,225,0,6,0,0,0,1,0,176,0
1,1,2,1,31,85,23,6,0,0,19,2,0,1,1,0,0,0,0,2,0,0,23,0,0,225,0,6,0,0,0,1,0,176,0
1,1,2,1,31,85,23,6,0,0,19,2,0,1,1,0,0,0,0,2,0,0,23,0,0,225,0,6,0,0,0,1,0,176,0
1,1,4,2,31,141,0,5,1,0,14,29,0,1,2,0,0,0,0,1,0,0,68,0,13,216,0,7,0,0,0,1,0,30,0
1,1,2,1,0,61,0,64,0,0,50,91,0,1,4,0,0,0,0,0,0,0,54,0,3,150,0,6,0,0,0,1,0,11,0
1,1,4,2,0,141,0,2,1,0,60,26,0,1,2,0,0,0,0,1,0,0,37,0,15,128,3,7,0,0,0,1,0,62,0
1,1,2,1,32,141,23,7,0,0,55,100,0,1,2,0,0,0,0,1,0,0,250,0,0,59,0,6,0,0,0,1,0,134,0
1,1,2,1,32,141,23,7,0,0,55,100,0,1,2,0,0,0,0,1,0,0,250,0,0,59,0,6,0,0,0,1,0,134,0
1,1,2,1,32,141,23,7,0,0,55,100,0,1,2,0,0,0,0,1,0,0,250,0,0,59,0,6,0,0,0,1,0,134,0
1,0,5,0,34,141,25,6,1,0,5,161,0,1,2,0,0,0,0,2,0,0,23,0,1,99,0,1,0,0,0,1,0,189,0
1,1,4,2,32,162,23,2,1,0,42,62,0,1,2,0,0,0,0,0,0,0,52,0,17,220,0,7,0,0,0,1,0,125,0
1,0,0,0,12,1,17,12,1,0,9,122,0,1,3,0,0,0,0,1,0,0,47,0,3,415,0,1,0,0,0,1,0,76,0
1,1,1,3,31,55,0,6,0,0,37,43,0,1,2,0,0,0,0,2,0,0,23,0,1,145,0,2,0,0,0,1,0,117,0
1,1,2,1,32,1,0,3,0,0,50,7,0,1,4,0,0,0,0,1,0,0,60,0,3,182,3,6,0,0,0,1,0,275,0
1,1,2,1,32,141,0,6,0,0,66,104,0,0,1,0,0,0,0,2,0,0,23,0,1,92,3,6,0,0,0,1,0,116,0
1,1,2,1,32,141,0,6,0,0,66,104,0,0,1,0,0,0,0,2,0,0,23,0,1,92,3,6,0,0,0,1,0,116,0
1,1,2,1,32,141,0,6,0,0,66,104,0,0,1,0,0,0,0,2,0,0,23,0,1,92,3,6,0,0,0,1,0,116,0
1,0,0,0,0,90,27,42,1,0,25,148,0,1,2,0,0,14,0,2,0,0,106,0,13,448,0,1,0,0,0,1,0,1,0
1,1,4,2,30,89,0,5,1,0,42,35,0,1,2,0,0,0,0,2,0,0,158,0,0,224,0,7,0,0,0,1,0,262,0
1,2,3,4,0,141,27,13,1,0,36,58,0,1,1,0,1,0,0,1,0,0,297,0,1,26,0,8,0,0,1,1,0,0,0
1,1,4,2,5,116,11,7,1,0,58,25,0,1,2,0,0,0,0,0,0,0,396,0,1,230,0,7,0,0,0,1,0,284,0
1,0,0,0,32,87,0,7,1,0,7,66,0,1,2,0,0,0,0,1,0,0,275,0,1,296,0,1,0,0,0,1,0,288,0
